ID_ORGANIGRAMME,DATE_FIN,DATE_DEBUT,DATE_VERROU,LABEL,DELETED,UTILISATEUR_VERROU,ID_PARENT_ENTITE,ID_PARENT_UNITE,ID_PARENT_INSTITUTION,CHARGE_MISSION_SGG,POSTE_BDC,SUPERVISEUR_SGG,CONSEILLER_PM,WS_URL,WS_LOGIN,WS_MDP,WS_CLE,MEMBRES,FUNCTION_READ,POSTE_WS
50001833,null,2007-04-25 02:00:00.0,null,Agent rédaction DJO,0,null,null,50000629,null,0,0,0,0,null,null,null,null,CBRUN;CLEMEVEL;FBIERNE;FGUILLOT;JROA;LCADET;LKARAR;PALBA;PBELLEFOND;RVAULTIER;SVIGNAL;XPAYS,null,0
50001835,null,2007-04-25 02:00:00.0,null,Chargé de mission DJO,0,null,null,50000631,null,0,0,0,0,null,null,null,null,JMHELBECQUE;PVIRUEGA,null,0
50001836,null,2007-04-25 02:00:00.0,null,Chef rédaction DJO,0,null,null,50000631,null,0,0,0,0,null,null,null,null,XPAYS,null,0
50001891,null,2007-11-19 01:00:00.0,null,MINEFI (ancien),0,null,null,null,null,0,0,0,0,null,null,null,null,MQPA,null,0
50001892,null,2007-05-21 02:00:00.0,null,Ministère de l'Intérieur (ancien),0,null,null,null,null,0,0,0,0,null,null,null,null,MBAMEUL;SBLANCHOIN,null,0
50001893,null,2007-05-21 02:00:00.0,null,Ministère de la Santé (ancien),0,null,null,null,null,0,0,0,0,null,null,null,null,CHIDEUX;GSICART;JMHAUTION,null,0
50001897,null,2007-05-21 02:00:00.0,null,Min. dél. au budget (ancien),0,null,null,null,null,0,0,0,0,null,null,null,null,MQPA;T_ADM_ENT,null,0
50001901,null,2007-05-22 02:00:00.0,null,Ministère de l'emploi (ancien),0,null,null,null,null,0,0,0,0,null,null,null,null,BYVENOU;CPARESCHI;JMBOUSQUET;MVANNIER;PAHOPITAL,null,0
50001903,null,2007-05-24 02:00:00.0,null,Conseillère Communication auprès du PM,0,null,null,50000610,null,0,0,0,0,null,null,null,null,MLEVY;SECCOM,null,0
50001904,null,2007-05-24 02:00:00.0,null,Chef secrétariat particulier PM,0,null,null,50000610,null,0,0,0,0,null,null,null,null,SECCHEFSPART;SFOURMONT,null,0
50001905,null,2007-05-24 02:00:00.0,null,Administrateurs S.O.L.O.N. (CE),0,null,null,null,null,0,0,0,0,null,null,null,null,MCAPPERON;PYLEMOULT,null,0
50001908,null,2007-05-29 02:00:00.0,null,Agents Cab. Min. Immigration,0,null,null,50001907,null,0,0,0,0,null,null,null,null,FDARCY;PBELLEC;RROCHE,null,0
50001911,null,2007-05-30 02:00:00.0,null,Conseiller techn. Agriculture PM,0,null,null,50000610,null,0,0,0,0,null,null,null,null,GREGNARD;SECAGRI,null,0
50001914,null,2007-11-06 01:00:00.0,null,Vigies DGAFP,0,null,null,50002536,null,0,0,0,0,null,null,null,null,FALADJIDI;VSAUVAGE,null,0
50001915,null,2007-11-06 01:00:00.0,null,Encadrement supérieur (DGAFP),0,null,null,50002535,null,0,0,0,0,null,null,null,null,CLENALBAUT;ISELLOM;ODAILLY,null,0
50001916,null,2007-11-06 01:00:00.0,null,Primes (DGAFP),0,null,null,50002534,null,0,0,0,0,null,null,null,null,BLABONNELIE;MQUINTUS;NEDJIDER;VTAUZIAC,null,0
50001918,null,2007-11-19 01:00:00.0,null,Agents BDC (BCF),0,null,null,50001917,null,0,0,0,0,null,null,null,null,CPAROLINI;FISAIA;JCHIFFRE;MDALLARD;MQPA;PETCHEVERRY;SEC-BDC;T_ADM_ENT,null,0
50001919,null,2007-05-30 02:00:00.0,null,Conseiller Analyse PM,0,null,null,50000610,null,0,0,0,0,null,null,null,null,SECANALYSE;VCHRIQUI,null,0
50001920,null,2007-05-30 02:00:00.0,null,Conseiller techn. Fiscalité PM,0,null,null,50000610,null,0,0,0,0,null,null,null,null,SECFISCALITE;YBENARD,null,0
50001921,null,2007-05-30 02:00:00.0,null,Conseiller techn. Education nationale PM,0,null,null,50000610,null,0,0,0,0,null,null,null,null,SECEDUNAT,null,0
50001922,null,2007-05-30 02:00:00.0,null,"Conseiller techn. Jeunesse, faits soc PM",0,null,null,50000610,null,0,0,0,0,null,null,null,null,SECJEUNESSE,null,0
50001924,null,2007-05-31 02:00:00.0,null,DCASPL PME (Economie),0,null,null,50001923,null,0,0,0,0,null,null,null,null,FDUFRESNOY;JLAUBINEAU;LMOQUIN,null,0
50001925,null,2007-05-31 02:00:00.0,null,Administrateur S.O.L.O.N. (MLV),0,null,50001886,null,null,0,0,0,0,null,null,null,null,PCAPS,null,0
50001928,null,2007-05-31 02:00:00.0,null,DéGéOM (Outre-Mer),0,null,null,50001926,null,0,0,0,0,null,null,null,null,FSAINTECROIX;NGUIRIABOYE;TLANDRY,null,0
50001930,null,2007-06-01 02:00:00.0,null,Agents DGTPE,0,null,null,50001929,null,0,0,0,0,null,null,null,null,DGTPE-CABDG;DGTPE-SGE,null,0
50001931,null,2007-06-01 02:00:00.0,null,NOR EXT (ancien),0,null,null,null,null,0,0,0,0,null,null,null,null,MQPA,null,0
50001933,null,2007-06-01 02:00:00.0,null,DLF (Economie),0,null,null,50001932,null,0,0,0,0,null,null,null,null,BBOUCLET;IESPINASSE;JFMALNOU;dlf;finance_dlf;outremer_dlf,null,0
50001944,null,2007-06-05 02:00:00.0,null,Agents direction des sports,0,null,null,50001313,null,0,0,0,0,null,null,null,null,LHANOTEAUX,null,0
50001945,null,2007-06-06 02:00:00.0,null,NOR EQU,0,null,null,null,null,0,0,0,0,null,null,null,null,FPEROUZE;FPOMMIER;PCAPS,null,0
50001949,null,2007-06-07 02:00:00.0,null,Agents DREES (Min. MTS),0,null,null,50001946,null,0,0,0,0,null,null,null,null,PFLEUTIAUX,null,0
50001950,null,2007-06-08 02:00:00.0,null,Conseiller techn. Ville et exclusion PM,0,null,null,50000610,null,0,0,0,0,null,null,null,null,EETIENNE;SECVILLE,null,0
50001951,null,2007-06-08 02:00:00.0,null,Conseiller techn. Ecologie PM,0,null,null,50000610,null,0,0,0,0,null,null,null,null,SECECOLOGIE,null,0
50001952,null,2007-06-08 02:00:00.0,null,Conseiller techn. Sport PM,0,null,null,50000610,null,0,0,0,0,null,null,null,null,SECSPORT;XMALENFER,null,0
50001953,null,2007-06-08 02:00:00.0,null,Conseiller techn. Finances sociales PM,0,null,null,50000610,null,0,0,0,0,null,null,null,null,PMAYEUR;SECFINSOC,null,0
50001954,null,2007-06-08 02:00:00.0,null,Conseiller techn. Affaires locales PM,0,null,null,50000610,null,0,0,0,0,null,null,null,null,PMOLAGER;SECLOCAL,null,0
50001955,null,2007-06-08 02:00:00.0,null,Conseiller techn. Energie PM,0,null,null,50000610,null,0,0,0,0,null,null,null,null,DMOLHO;SECENERGIE,null,0
50001956,null,2007-06-08 02:00:00.0,null,Conseiller techn. Travail PM,0,null,null,50000610,null,0,0,0,0,null,null,null,null,HMONANGE;SECTRAVAIL,null,0
50001957,null,2007-06-08 02:00:00.0,null,Conseiller techn. Eco internationale PM,0,null,null,50000610,null,0,0,0,0,null,null,null,null,EDAINVILLE;SECECOINT,null,0
50001958,null,2007-06-08 02:00:00.0,null,"Conseillère techn. Transports, Climat PM",0,null,null,50000610,null,0,0,0,0,null,null,null,null,CPREVIEU;SECTRANSPORT,null,0
50001960,null,2007-06-08 02:00:00.0,null,Conseiller techn. Financt entreprises PM,0,null,null,50000610,null,0,0,0,0,null,null,null,null,FDEMAILLE;SFINENTREP,null,0
50001961,null,2007-06-08 02:00:00.0,null,Agents DREES (Min. BCF),0,null,null,50001962,null,0,0,0,0,null,null,null,null,PFLEUTIAUX,null,0
50001978,null,2007-06-08 02:00:00.0,null,Agents sec. général (BCF),0,null,null,50001963,null,0,0,0,0,null,null,null,null,MTEXIER;SCRENDAL;VMAPELLI,null,0
50001979,null,2007-06-08 02:00:00.0,null,Agents IGF (BCF),0,null,null,50001964,null,0,0,0,0,null,null,null,null,AFLAMANT;CLCANET,null,0
50001980,null,2007-06-08 02:00:00.0,null,Agents DPAEP (BCF),0,null,null,50001965,null,0,0,0,0,null,null,null,null,DLEMAISTRE;MVILLAIN;SPEIDRO,null,0
50001981,null,2007-06-08 02:00:00.0,null,Agents DAJ (BCF),0,null,null,50001966,null,0,0,0,0,null,null,null,null,CBERGEAL;FAMERIGO,null,0
50001982,null,2007-06-08 02:00:00.0,null,Agts contrôle gal éco. et fin (BCF),0,null,null,50001967,null,0,0,0,0,null,null,null,null,FGENVRIN,null,0
50001983,null,2007-06-08 02:00:00.0,null,Haut fonctionnaire défense (BCF),0,null,null,50001968,null,0,0,0,0,null,null,null,null,SGUITEL,null,0
50001988,null,2007-06-08 02:00:00.0,null,Agents DGAS (Logement),0,null,null,50001989,null,0,0,0,0,null,null,null,null,CMAILLARD;MLAMOTHE;YCHAYNES,null,0
50002007,null,2007-06-08 02:00:00.0,null,Chef du bureau IGEN/IGAENR,0,null,null,50001991,null,0,0,0,0,null,null,null,null,RKRAUSS,null,0
50002009,null,2007-06-08 02:00:00.0,null,Agents DSS (MTS),0,null,null,50002010,null,0,0,0,0,null,null,null,null,AMBOUCHARD;BGUERINEAU;CMARTIN;COGETGENDRE;DCAMUS;FLEMORVAN;JLREY;JPVINQUANT;MDELILLE;MSCHNEPF;PDEVAUX;travail_dss,null,0
50002015,null,2007-06-08 02:00:00.0,null,Sous-dir. étrangers et circ. transfront.,0,null,null,50002014,null,0,0,0,0,null,null,null,null,JPGUARDIOLA,null,0
50002016,null,2007-06-08 02:00:00.0,null,"Bureau nat., titres d'identité et voyage",0,null,null,50002014,null,0,0,0,0,null,null,null,null,MCCORNEC,null,0
50002017,null,2007-06-08 02:00:00.0,null,Bureau circulation transfront. et visas,0,null,null,50002014,null,0,0,0,0,null,null,null,null,LAUDINET,null,0
50002019,null,2007-06-08 02:00:00.0,null,Bureau droit et procédures éloignement,0,null,null,50002014,null,0,0,0,0,null,null,null,null,CPOUGET,null,0
50002021,null,2007-06-08 02:00:00.0,null,DPM-SG décret,0,null,null,50002020,null,0,0,0,0,null,null,null,null,FLOQUET,null,0
50002022,null,2007-06-08 02:00:00.0,null,DPM-N3 rapportant,0,null,null,50002020,null,0,0,0,0,null,null,null,null,CMODAT,null,0
50002023,null,2007-06-08 02:00:00.0,null,DPM-Direction,0,null,null,50002020,null,0,0,0,0,null,null,null,null,JSOLTANI,null,0
50002024,null,2007-06-08 02:00:00.0,null,DPM-DM12,0,null,null,50002020,null,0,0,0,0,null,null,null,null,MCPIRIOU,null,0
50002028,null,2007-06-08 02:00:00.0,null,Conseiller techn. Affaires diplo. PM,0,null,null,50000610,null,0,0,0,0,null,null,null,null,ABARTHELEMY,null,0
50002029,null,2007-06-08 02:00:00.0,null,Conseillère techn. Enseign. sup. PM,0,null,null,50000610,null,0,0,0,0,null,null,null,null,null,null,0
50002031,null,2007-06-14 02:00:00.0,null,Secrétaire général (Min. ESR),0,null,null,50002032,null,0,1,0,0,null,null,null,null,PYDUWOYE,null,0
50002034,null,2007-06-14 02:00:00.0,null,Directeur général DGRH (Min. ESR),0,null,null,50002033,null,0,0,0,0,null,null,null,null,TLEGOFF,null,0
50002035,null,2007-06-14 02:00:00.0,null,Adjoint directeur gal DGRH (Min. ESR),0,null,null,50002033,null,0,0,0,0,null,null,null,null,EBERNET;JPBONHOTAL,null,0
50002036,null,2007-06-14 02:00:00.0,null,Sous-directrice DGRH (Min. ESR),0,null,null,50002033,null,0,0,0,0,null,null,null,null,PSANTANA,null,0
50002038,null,2007-06-14 02:00:00.0,null,Directeur DE (Min. ESR),0,null,null,50002037,null,0,0,0,0,null,null,null,null,RCHUDEAU,null,0
50002039,null,2007-06-14 02:00:00.0,null,Adjointe au directeur DE (Min. ESR),0,null,null,50002037,null,0,0,0,0,null,null,null,null,CDANEYROLE,null,0
50002041,null,2007-06-14 02:00:00.0,null,Directeur DAF (Min ESR),0,null,null,50002040,null,0,0,0,0,null,null,null,null,MDELLACASA,null,0
50002042,null,2007-06-14 02:00:00.0,null,Adjointe au directeur DAF (Min. ESR),0,null,null,50002040,null,0,0,0,0,null,null,null,null,CGAUDY,null,0
50002044,null,2007-06-14 02:00:00.0,null,Directrice DAJ (Min. ESR),0,null,null,50002043,null,0,0,0,0,null,null,null,null,CLANDAIS,null,0
50002045,null,2007-06-14 02:00:00.0,null,Adjointe à la directrice DAJ (Min. ESR),0,null,null,50002043,null,0,0,0,0,null,null,null,null,IROUSSEL,null,0
50002049,null,2007-06-14 02:00:00.0,null,Directeur DEPP (Min ESR),0,null,null,50002046,null,0,0,0,0,null,null,null,null,DVITRY,null,0
50002052,null,2007-06-14 02:00:00.0,null,Directeur DREIC (Min ESR),0,null,null,50002050,null,0,0,0,0,null,null,null,null,MFOUCAULT,null,0
50002055,null,2007-06-14 02:00:00.0,null,Chef du service SAAM (Min ESR),0,null,null,50002053,null,0,0,0,0,null,null,null,null,XTURION,null,0
50002057,null,2007-06-18 02:00:00.0,null,Bureau des pensions (AGR),0,null,null,50001748,null,0,0,0,0,null,null,null,null,JBENITO;JITAN;NCARON,null,0
50002059,null,2007-06-22 02:00:00.0,null,Administrateur S.O.LO.N. (IOC),0,null,null,50000868,null,0,0,0,0,null,null,null,null,SBLANCHOIN,null,0
50002083,null,2007-06-25 02:00:00.0,null,Agents DHOS (Min. BCF),0,null,null,50002082,null,0,0,0,0,null,null,null,null,ABASSET;CELUAUD;CMERCIER;DFEBI;JKOCH;MADJIAGE;MCHANELIERE;NGRENET;RPULVAL;SBENIDJER,null,0
50002085,null,2007-06-25 02:00:00.0,null,Agents DSS (Min. BCF),0,null,null,50002084,null,0,0,0,0,null,null,null,null,AMBOUCHARD;BGUERINEAU;CMARTIN;COGETGENDRE;DCAMUS;FLEMORVAN;JLREY;JPVINQUANT;MDELILLE;MSCHNEPF;PDEVAUX,null,0
50002107,null,2007-07-03 02:00:00.0,null,Administrateur S.O.L.O.N. (SJS),0,null,null,50001882,null,0,0,0,0,null,null,null,null,GSICART,null,0
50002108,null,2007-07-05 02:00:00.0,null,BDC Logement,0,null,null,50001990,null,0,1,0,0,null,null,null,null,FFRIQUET,null,0
50002132,null,2007-03-23 01:00:00.0,null,Textes en instance,0,null,null,50000624,null,0,0,0,0,null,null,null,null,TINSTANCE,null,0
50002157,null,2007-04-25 02:00:00.0,null,DIV Direction (Logement),0,null,null,50001171,null,0,0,0,0,null,null,null,null,MCOURTOIS,null,0
50002158,null,2007-02-21 01:00:00.0,null,DGUHC Direction,0,null,null,50001168,null,0,0,0,0,null,null,null,null,PLEMAIRE,null,0
50002159,null,2007-02-21 01:00:00.0,null,DGUHC/OC,0,null,null,50001168,null,0,0,0,0,null,null,null,null,VHASON,null,0
50002161,null,2007-07-16 02:00:00.0,null,BGCPAC-Chef section admin. civils,0,null,null,50002160,null,0,0,0,0,null,null,null,null,MJOFFRE,null,0
50002164,null,2007-03-30 02:00:00.0,null,DGUHC Direction,0,null,null,50001369,null,0,0,0,0,null,null,null,null,PLEMAIRE,null,0
50002165,null,2007-03-30 02:00:00.0,null,DGUHC/OC,0,null,null,50001369,null,0,0,0,0,null,null,null,null,VHASON,null,0
50002166,null,2007-07-16 02:00:00.0,null,Administrateurs S.O.L.O.N. (CE),0,null,null,50000640,null,0,0,0,0,null,null,null,null,MCAPPERON;PYLEMOULT,null,0
50002182,null,2007-07-25 02:00:00.0,null,Administrateurs S.O.L.O.N. (IMI),0,null,50001885,null,null,0,0,0,0,null,null,null,null,FDARCY;PBELLEC;RROCHE,null,0
50002207,null,2007-04-17 02:00:00.0,null,Administrateur S.O.L.O.N. (BCF),0,null,50013998,null,null,0,0,0,0,null,null,null,null,MQPA,null,0
50002234,null,2007-08-08 02:00:00.0,null,SG/SPA/M,0,null,null,50000991,null,0,0,0,0,null,null,null,null,CGODARD;JCOLOMBU,null,0
50002235,null,2007-08-08 02:00:00.0,null,DGAC/SG/SDJ,0,null,null,50000994,null,0,0,0,0,null,null,null,null,DGAC1;DGAC10;DGAC2;DGAC3;DGAC4;DGAC5;DGAC6;DGAC7;DGAC8;DGAC9;FPOMMIER,null,0
50002236,null,2007-08-08 02:00:00.0,null,DPAC (MEDAD),0,null,null,50001005,null,0,0,0,0,null,null,null,null,FPOMMIER,null,0
50002237,null,2007-08-08 02:00:00.0,null,DCS (MEDAD),0,null,null,50001006,null,0,0,0,0,null,null,null,null,FPOMMIER,null,0
50002238,null,2007-08-08 02:00:00.0,null,Administrateur S.O.L.O.N. (MEDAD),0,null,null,50000986,null,0,0,0,0,null,null,null,null,PCAPS,null,0
50002239,null,2007-08-08 02:00:00.0,null,Administrateur S.O.L.O.N. (MEDAD),0,null,null,50000987,null,0,0,0,0,null,null,null,null,PCAPS,null,0
50002240,null,2007-08-08 02:00:00.0,null,Administrateur S.O.L.O.N. (MEDAD),0,null,null,50000989,null,0,0,0,0,null,null,null,null,PCAPS,null,0
50002241,null,2007-08-08 02:00:00.0,null,Administrateur S.O.L.O.N. (MEDAD),0,null,null,50001000,null,0,0,0,0,null,null,null,null,PCAPS,null,0
50002242,null,2007-08-08 02:00:00.0,null,Administrateur S.O.L.O.N. (MEDAD),0,null,null,50001001,null,0,0,0,0,null,null,null,null,PCAPS,null,0
50002243,null,2007-08-08 02:00:00.0,null,Administrateur S.O.L.O.N. (MEDAD),0,null,null,50001973,null,0,0,0,0,null,null,null,null,DCITRON;PCAPS,null,0
50002244,null,2007-08-08 02:00:00.0,null,Agents DGE (MEDAD),0,null,null,50001972,null,0,0,0,0,null,null,null,null,CBISSERIER;DCITRON;ELEDEVEDEC;JBARDOLLET;MDGADAT;MJCYRILLE,null,0
50002245,null,2007-08-08 02:00:00.0,null,DGMT/SG/GPB 3,0,null,null,50000998,null,0,0,0,0,null,null,null,null,JCPARAVY,null,0
50002247,null,2007-08-08 02:00:00.0,null,DGPA-DAJIL,0,null,null,50002246,null,0,0,0,0,null,null,null,null,FPEROUZE;PCAPS,null,0
50002248,null,2007-08-08 02:00:00.0,null,Administrateur S.O.L.O.N. (PM),0,null,50000607,null,null,0,0,0,0,null,null,null,null,CDUMONT;MTADMINMIN;MTAILLEFER;MTCONTRIB;MTCONTRIBEXT;MTVIGIE;TMICHAUX;adminsgg,null,0
50002249,null,2007-08-08 02:00:00.0,null,Administrateur S.O.L.O.N. (SGG),0,null,null,50000615,null,1,0,1,0,null,null,null,null,MTAILLEFER;TMICHAUX;adminsgg;superviseursgg,null,0
50002333,null,2007-08-16 02:00:00.0,null,Sect. aff. réservée et budg (Intérieur),0,null,null,50001249,null,0,0,0,0,null,null,null,null,CLIECHTI;SGCAB,null,0
50002337,null,2007-08-16 02:00:00.0,null,Administrateur S.O.L.O.N. (IOC),0,null,null,50000867,null,0,0,0,0,null,null,null,null,MBAMEUL;SBLANCHOIN,null,0
50002338,null,2007-08-16 02:00:00.0,null,DAPN,0,null,null,50001604,null,0,0,0,0,null,null,null,null,DAPN,null,0
50002358,null,2007-08-23 02:00:00.0,null,Agents CRE,0,null,null,50002362,null,0,0,0,0,null,null,null,null,FHAUGUEL;RCOIN,null,0
50002365,null,2008-09-25 02:00:00.0,null,Vigie CRE,0,null,null,50002362,null,0,0,0,0,null,null,null,null,VIGIECRE,null,0
50002367,null,2007-08-24 02:00:00.0,null,Agents Dir. Secr. Gl Min. Immigration,0,null,null,50002366,null,0,0,0,0,null,null,null,null,null,null,0
50002371,null,2007-08-24 02:00:00.0,null,ARCEP (direction),0,null,null,50002370,null,0,0,0,0,null,null,null,null,ARCEPUSER1;ARCEPVIG1,null,0
50002408,null,2007-09-06 02:00:00.0,null,Agents Coll. terr. Rép (Département),0,null,null,50002383,null,0,0,0,0,null,null,null,null,null,null,0
50002409,null,2007-09-06 02:00:00.0,null,Agents Coll. terr. Rép (Région),0,null,null,50002384,null,0,0,0,0,null,null,null,null,null,null,0
50002410,null,2007-09-06 02:00:00.0,null,Agents Coll. terr. Rép (Autres),0,null,null,50002385,null,0,0,0,0,null,null,null,null,null,null,0
50002432,null,2007-09-12 02:00:00.0,null,Administrateur S.O.L.O.N. DAG,0,null,null,50001396,null,0,0,0,0,null,null,null,null,DVILLEMAUX,null,0
50002457,null,2007-09-28 02:00:00.0,null,Agents DIACT,0,null,null,50001948,null,0,0,0,0,null,null,null,null,PCAPS;PVIGNE,null,0
50002483,null,2007-10-08 02:00:00.0,null,Agents Dir. circulation aérienne,0,null,null,50002482,null,0,0,0,0,null,null,null,null,JMREBOT,null,0
50002484,null,2007-02-20 01:00:00.0,null,Sec. dir. affaires civiles et du sceau,0,null,null,50001088,null,0,0,0,0,null,null,null,null,null,null,0
50002488,null,2007-10-17 02:00:00.0,null,Section du Sceau,0,null,null,50002486,null,0,0,0,0,null,null,null,null,null,null,0
50002489,null,2007-10-17 02:00:00.0,null,Bureau off. minist. et déontologie,0,null,null,50002487,null,0,0,0,0,null,null,null,null,null,null,0
50002490,null,2007-10-18 02:00:00.0,null,Administrateur S.O.L.O.N. (AGR),0,null,null,50001444,null,0,0,0,0,null,null,null,null,DGUEUDIN;GBIJU,null,0
50002537,null,2007-11-06 01:00:00.0,null,Administrateur S.O.L.O.N. (DGAFP),0,null,null,50001912,null,0,0,0,0,null,null,null,null,BLABONNELIE;VTAUZIAC,null,0
50002538,null,2007-11-06 01:00:00.0,null,Modalités concours (DGAFP),0,null,null,50002533,null,0,0,0,0,null,null,null,null,GDOSSOUYOVO;SMAZATAUD,null,0
50002539,null,2007-11-06 01:00:00.0,null,Jury concours (DGAFP),0,null,null,50002533,null,0,0,0,0,null,null,null,null,GDOSSOUYOVO;SMAZATAUD,null,0
50002540,null,2007-11-06 01:00:00.0,null,Statuts particuliers (DGAFP),0,null,null,50002534,null,0,0,0,0,null,null,null,null,BLABONNELIE;CCHRISTIEN;CLENALBAUT;JLPASTOR;MQUINTUS;VTAUZIAC,null,0
50002541,null,2007-11-06 01:00:00.0,null,Autres textes (DGAFP),0,null,null,50002534,null,0,0,0,0,null,null,null,null,BLABONNELIE;CCHRISTIEN;CLENALBAUT;CPINON;GDOSSOUYOVO;ISELLOM;JLPASTOR;JRIGABER;MQUINTUS;NBOUHAFS;NEDJIDER;ODAILLY;SMAZATAUD;VTAUZIAC,null,0
50002542,null,2007-11-06 01:00:00.0,null,Contrôle textes (DGAFP),0,null,null,50002536,null,0,0,0,0,null,null,null,null,BLABONNELIE;VTAUZIAC,null,0
50002543,null,2007-11-06 01:00:00.0,null,Autres corps (DGAFP),0,null,null,50002535,null,0,0,0,0,null,null,null,null,CPINON;JRIGABER,null,0
50002544,null,2007-11-06 01:00:00.0,null,CSFPE (DGAFP),0,null,null,50002535,null,0,0,0,0,null,null,null,null,LDOUMBE,null,0
50002545,null,2007-11-06 01:00:00.0,null,Nominations commission (DGAFP),0,null,null,50002535,null,0,0,0,0,null,null,null,null,CLENALBAUT;CPINON;ISELLOM;JRIGABER;NBOUHAFS;ODAILLY,null,0
50002550,null,2007-11-06 01:00:00.0,null,Contrôle textes (DGAFP),0,null,null,50002549,null,0,0,0,0,null,null,null,null,BLABONNELIE;VTAUZIAC,null,0
50002551,null,2007-11-06 01:00:00.0,null,Autres corps (DGAFP),0,null,null,50002548,null,0,0,0,0,null,null,null,null,CPINON;JRIGABER,null,0
50002552,null,2007-11-06 01:00:00.0,null,CSFPE (DGAFP),0,null,null,50002548,null,0,0,0,0,null,null,null,null,LDOUMBE,null,0
50002553,null,2007-11-06 01:00:00.0,null,Nominations commission (DGAFP),0,null,null,50002548,null,0,0,0,0,null,null,null,null,CLENALBAUT;CPINON;ISELLOM;JRIGABER;NBOUHAFS;ODAILLY,null,0
50002554,null,2007-11-06 01:00:00.0,null,Statuts particuliers (DGAFP),0,null,null,50002547,null,0,0,0,0,null,null,null,null,BLABONNELIE;CCHRISTIEN;CLENALBAUT;JLPASTOR;MQUINTUS;VTAUZIAC,null,0
50002555,null,2007-11-06 01:00:00.0,null,Autres textes (DGAFP),0,null,null,50002547,null,0,0,0,0,null,null,null,null,BLABONNELIE;CCHRISTIEN;CLENALBAUT;CPINON;GDOSSOUYOVO;ISELLOM;JLPASTOR;JRIGABER;MQUINTUS;NBOUHAFS;NEDJIDER;ODAILLY;SMAZATAUD;VTAUZIAC,null,0
50002556,null,2007-11-06 01:00:00.0,null,Modalités concours (DGAFP),0,null,null,50002546,null,0,0,0,0,null,null,null,null,GDOSSOUYOVO;SMAZATAUD,null,0
50002557,null,2007-11-06 01:00:00.0,null,Jury concours (DGAFP),0,null,null,50002546,null,0,0,0,0,null,null,null,null,GDOSSOUYOVO;SMAZATAUD,null,0
50002558,null,2007-11-06 01:00:00.0,null,Administrateur S.O.L.O.N. (DGAFP),0,null,null,50001442,null,0,0,0,0,null,null,null,null,BLABONNELIE;VTAUZIAC,null,0
50002582,null,2007-02-21 01:00:00.0,null,DGT-RT1,0,null,null,50001163,null,0,0,0,0,null,null,null,null,JAFOY,null,0
50002583,null,2007-02-21 01:00:00.0,null,DGT-RT3,0,null,null,50001163,null,0,0,0,0,null,null,null,null,LDURAND;MDEJEAN,null,0
50002584,null,2007-02-21 01:00:00.0,null,DPM-N2 opposition,0,null,null,50001165,null,0,0,0,0,null,null,null,null,PDIGUINY,null,0
50002585,null,2007-02-21 01:00:00.0,null,DGT-CT,0,null,null,50001163,null,0,0,0,0,null,null,null,null,DDRU;travail_secgen,null,0
50002609,null,2007-11-20 01:00:00.0,null,Agents BDC (BCF),0,null,null,null,null,0,0,0,0,null,null,null,null,CPAROLINI;FISAIA;JCHIFFRE;MDALLARD;PETCHEVERRY,null,0
50002610,null,2007-11-20 01:00:00.0,null,Agents BDC (ECO),0,null,null,null,null,0,0,0,0,null,null,null,null,CPAROLINI;JCHIFFRE;MDALLARD;PETCHEVERRY,null,0
50002611,null,2007-11-20 01:00:00.0,null,Agents BDC (BCF),0,null,null,null,null,0,0,0,0,null,null,null,null,CPAROLINI;FISAIA;JCHIFFRE;MDALLARD;PETCHEVERRY,null,0
50002612,null,2007-11-20 01:00:00.0,null,Agents BDC (ECO),0,null,null,null,null,0,0,0,0,null,null,null,null,CPAROLINI;JCHIFFRE;MDALLARD;PETCHEVERRY,null,0
50002613,null,2007-11-20 01:00:00.0,null,Agents BDC (ECO + BCF),0,null,null,null,null,0,0,0,0,null,null,null,null,CPAROLINI;FISAIA;JCHIFFRE;MDALLARD;PETCHEVERRY,null,0
50002614,null,2007-11-20 01:00:00.0,null,Administrateurs SOLON (ECE),0,null,50000507,null,null,0,0,0,0,null,null,null,null,MQPA,null,0
50002615,null,2007-11-20 01:00:00.0,null,Administrateurs SOLON,0,null,null,50001814,null,0,0,0,0,null,null,null,null,MQPA,null,0
50002632,null,2007-12-03 01:00:00.0,null,Administrateur S.O.L.O.N. (IOC),0,null,null,50000666,null,0,0,0,0,null,null,null,null,MBAMEUL;SBLANCHOIN,null,0
50002658,null,2007-12-13 01:00:00.0,null,DMP-N2 opposition,0,null,null,50002020,null,0,0,0,0,null,null,null,null,PDIGUINY,null,0
50002707,null,2007-02-21 01:00:00.0,null,DGT-Vigie,0,null,null,50001163,null,0,0,0,0,null,null,null,null,JBLONDEL,null,0
50002708,null,2007-02-21 01:00:00.0,null,SDFE Vigie,0,null,null,50001169,null,0,0,0,0,null,null,null,null,AKURKDJIAN,null,0
50002709,null,2007-02-21 01:00:00.0,null,IGAS Vigie,0,null,null,50001167,null,0,0,0,0,null,null,null,null,JGARCINI,null,0
50002733,null,2008-02-19 01:00:00.0,null,Agents DARQSI,0,null,null,50001976,null,0,0,0,0,null,null,null,null,DCITRON,null,0
50002783,null,2007-03-02 01:00:00.0,null,Bureau parcs et réserves,0,null,null,50000834,null,0,0,0,0,null,null,null,null,PGUERIN,null,0
50002834,null,2008-03-14 01:00:00.0,null,Secrétaire de la section administration,0,null,null,50002833,null,0,0,0,0,null,null,null,null,AFLACELIERE;LBURLET;SGUYARD;VKLEINHOLT,null,0
50002857,null,2008-03-13 01:00:00.0,null,Secrétariat BOG,0,null,null,50001104,null,0,1,0,0,null,null,null,null,PLEMOS,null,0
50003058,null,2008-05-26 02:00:00.0,null,Agents CNG,0,null,null,50003057,null,0,0,0,0,null,null,null,null,AMDUFOUR;CGOSTREL;CRICHARD;FSICCHIA;MLHENRY,null,0
50003107,null,2008-06-02 02:00:00.0,null,Cellule documentation (DEF),0,null,null,50001135,null,0,0,0,0,null,null,null,null,MGALEA,null,0
50003108,null,2008-06-02 02:00:00.0,null,Dir. centrale serv. de santé des armées,0,null,null,50001135,null,0,0,0,0,null,null,null,null,ECHEREL;FMAYOUSSIER,null,0
50003109,null,2008-06-02 02:00:00.0,null,Dir. centrale du service des essences,0,null,null,50001135,null,0,0,0,0,null,null,null,null,JCPEZERON,null,0
50003208,null,2008-09-01 02:00:00.0,null,Responsable de la CPBO,0,null,null,50003207,null,0,0,0,0,null,null,null,null,PGALLAND,null,0
50003233,null,2008-09-04 02:00:00.0,null,Directeur du cabinet SGG,0,null,null,50003232,null,0,0,0,0,null,null,null,null,OFOMBARON,null,0
50003234,null,2008-09-04 02:00:00.0,null,Développement des systèmes d'information,0,null,null,50003232,null,0,0,0,0,null,null,null,null,SCOTTIN,null,0
50003258,null,2008-09-18 02:00:00.0,null,Agents collège CSA,0,null,null,50002684,null,0,0,0,0,null,null,null,null,CONTRIBCSA;VIGIECSA,null,0
50003332,null,2008-10-17 02:00:00.0,null,Agents Cour des comptes,0,null,null,50002510,null,0,0,0,0,null,null,null,null,AAMSON,null,0
50003358,null,2008-10-24 02:00:00.0,null,Agents B.O. DJO,0,null,null,50000629,null,0,0,0,0,null,null,null,null,ANMOREAU;CPETRY;CQUINTON;PCANALE,null,0
50003359,null,2008-10-24 02:00:00.0,null,Agents B.O. DJO,0,null,null,50003357,null,0,0,0,0,null,null,null,null,ANMOREAU;CPETRY;CQUINTON;PCANALE,null,0
50003382,null,2007-06-14 02:00:00.0,null,DGRH A1 (Min. ESR),0,null,null,50002033,null,0,0,0,0,null,null,null,null,PCHRISTMANN,null,0
50003383,null,2007-03-30 02:00:00.0,null,DGRH A1 (Min. Educ.),0,null,null,50001268,null,0,0,0,0,null,null,null,null,PCHRISTMANN,null,0
50003407,null,2006-06-20 02:00:00.0,null,Sec chargée de mission culture justice,0,null,null,50000619,null,0,0,0,0,null,null,null,null,HBENRAMDANE;RMACKHAN,null,0
50003557,null,2009-01-09 01:00:00.0,null,Agents CRE,0,null,null,null,null,0,0,0,0,null,null,null,null,FHAUGUEL;RCOIN,null,0
50003585,null,2009-01-15 01:00:00.0,null,Min Logement et ville (ancien),0,null,null,null,null,0,0,0,0,null,null,null,null,PCAPS,null,0
50003607,null,2009-01-16 01:00:00.0,null,Administrateurs S.O.L.O.N.,0,null,null,null,null,0,0,0,0,null,null,null,null,CHIDEUX;GSICART;JGOMIS;JMHAUTION,null,0
50003708,null,2009-02-19 01:00:00.0,null,DIV Direction (MTS),0,null,null,50003707,null,0,0,0,0,null,null,null,null,MCOURTOIS,null,0
50003757,null,2009-03-11 01:00:00.0,null,Agents Autorité de la concurrence,0,null,null,50003733,null,0,0,0,0,null,null,null,null,JGAUMET,null,0
50003807,null,2007-08-08 02:00:00.0,null,CGPC BPMG (MEDAD),0,null,null,50000987,null,0,0,0,0,null,null,null,null,GSTEIMETZ,null,0
50003833,null,2009-11-09 01:00:00.0,null,Administrateurs S.O.L.O.N. OME,0,null,50003832,null,null,0,0,0,0,null,null,null,null,NGUIRIABOYE,null,0
50003835,null,2009-11-09 01:00:00.0,null,Bureau Cabinet outre-mer,0,null,null,50003834,null,0,1,0,0,null,null,null,null,FSAINTECROIX;NGUIRIABOYE;TLANDRY,null,0
50003837,null,2009-11-09 01:00:00.0,null,DéGéOM (Outre-Mer),0,null,null,50003836,null,0,0,0,0,null,null,null,null,FSAINTECROIX;NGUIRIABOYE;TLANDRY,null,0
50003857,null,2009-12-02 01:00:00.0,null,Poste test vigie direction (ECE),0,null,null,50001021,null,0,0,0,0,null,null,null,null,T_VIG_DIR,null,0
50003858,null,2009-12-02 01:00:00.0,null,Poste test vigie direction (BCF),0,null,null,50000646,null,0,0,0,0,null,null,null,null,T_VIG_DIR,null,0
50004001,null,2007-11-20 01:00:00.0,null,Cabinet,0,null,50000507,null,null,0,0,0,0,null,null,null,null,AT_PARL;CT1;DIR_CAB,null,0
50004002,null,2007-11-20 01:00:00.0,null,DGCIS,0,null,50000507,null,null,0,0,0,0,null,null,null,null,DGCIS_contributeur;DGCIS_redacteur;DGCIS_vigie_dir,null,0
50004003,null,2007-11-20 01:00:00.0,null,Cabinet,0,null,50013998,null,null,0,0,0,0,null,null,null,null,AT_PARL;CT1;DIR_CAB,null,0
50004004,null,2007-11-20 01:00:00.0,null,DGFIP,0,null,50013998,null,null,0,0,0,0,null,null,null,null,DGFIP_contributeur;DGFIP_redacteur;DGFIP_vigie_dir,null,0
50004005,null,2007-11-20 01:00:00.0,null,Secrétariat général,0,null,50013998,null,null,0,0,0,0,null,null,null,null,budget_secgen,null,0
50004006,null,2007-11-20 01:00:00.0,null,Bureau des Cabinets,0,null,50013998,null,null,0,0,0,0,null,null,null,null,budget_bdc,null,0
60000000,null,2010-11-29 18:23:00.45,null,Secrétariat Conseillère Aff. éco et finances PM,0,null,null,50000610,null,0,0,0,0,null,null,null,null,agriculture_sececofinance;ecologie_sececofinance;finance_sececofinance;outremer_sececofinance;sececofinance;travail_sececofinance,null,0
13370001,null,2007-08-08 02:00:00.0,null,Utilisateur Webservices (Parlementaire),0,null,13370000,null,null,0,0,0,0,null,null,null,null,adminsgg;ws_an;ws_senat,null,0
13370002,null,2007-04-19 02:00:00.0,null,Utilisateur Webservices (Agriculture),0,null,50000938,null,null,0,0,0,0,null,null,null,null,ws_agriculture,null,0
13370003,null,2007-04-19 02:00:00.0,null,Utilisateur Webservices (Ecologie),0,null,50000976,null,null,0,0,0,0,null,null,null,null,ws_ecologie,null,0
13380003,null,2007-04-19 02:00:00.0,null,Utilisateur Webservices (Economie),0,null,50000507,null,null,0,0,0,0,null,null,null,null,ws_eco,null,0
50000609,null,2006-05-04 02:00:00.0,null,Agents direction générale des entrep.,0,null,null,50000608,null,0,0,0,0,null,null,null,null,CBISSERIER;DCITRON;ELEDEVEDEC;JBARDOLLET;MDGADAT;MJCYRILLE,null,0
50000611,null,2006-05-04 02:00:00.0,null,Conseiller Budget PM,0,null,null,50000610,null,0,0,0,0,null,null,null,null,JDUBERTRET;SBUDGETAIRE,null,0
50000612,null,2006-05-04 02:00:00.0,null,Conseillère Aff. éco et finances PM,0,null,null,50000610,null,0,0,0,0,null,null,null,null,DDAMARZIT;SECFINANCES;agriculture_ecofinance;ecofinance;ecologie_ecofinance;finance_ecofinance;outremer_ecofinance;travail_ecofinance,null,0
50000613,null,2006-05-04 02:00:00.0,null,"Conseiller dev durable, recher, indus PM",0,null,null,50000610,null,0,0,0,0,null,null,null,null,SECINDUSTRIE,null,0
50000620,null,2006-09-08 02:00:00.0,null,Conseiller pour les affaires économiques,0,null,null,50000619,null,0,0,0,0,null,null,null,null,LFOURQUET;TCOURRET,null,0
50000621,null,2006-09-08 02:00:00.0,null,Chargée de mission intérieur DOM-TOM,0,null,null,50000619,null,0,0,0,0,null,null,null,null,NDECADENET;SRIMEU,null,0
50000622,null,2006-09-08 02:00:00.0,null,Chargé de mission équipement logement,0,null,null,50000619,null,0,0,0,0,null,null,null,null,JGREFFE;LLAGARDE,null,0
50000627,null,2006-05-04 02:00:00.0,null,Conseiller Affaires intérieures PM,0,null,null,50000610,null,0,0,0,0,null,null,null,null,MFUZEAU;SECINTERIEUR,null,0
50000628,null,2006-05-04 02:00:00.0,null,(Ancien) Conseiller dev durable PM,0,null,null,50000610,null,0,0,0,0,null,null,null,null,adminsgg,null,0
50000642,null,2006-05-04 02:00:00.0,null,Secrétaire de la section des finances,0,null,null,50000634,null,0,0,0,0,null,null,null,null,JLLIPSKI;VGALY,null,0
50000643,null,2006-05-04 02:00:00.0,null,Secrétaire de la section de l'intérieur,0,null,null,50000637,null,0,0,0,0,null,null,null,null,FKERBANE;KVERDU;LLEANDRI;MFRANCESCHI;NBELVEZET,null,0
50000644,null,2006-05-04 02:00:00.0,null,Secrétaire de la section des travx pubs,0,null,null,50000638,null,0,0,0,0,null,null,null,null,AMICALOWA;NPELAT;SNEVERS,null,0
50000645,null,2006-05-04 02:00:00.0,null,Secrétaire de la section sociale,0,null,null,50000639,null,0,0,0,0,null,null,null,null,EPLUCHE;JBEYGUESIER;MAMORERE;MFM'FOUILOU;TBRETON,null,0
50000647,null,2006-05-04 02:00:00.0,null,Agents direction du budget,0,null,null,50000646,null,0,1,0,0,null,null,null,null,AGIRARDIN;FHUYNH;MBAKER;RCHUA,null,0
50000652,null,2007-06-04 02:00:00.0,null,Agents BDC Ecologie MEDAD,0,null,null,50000984,null,0,0,0,0,null,null,null,null,CPOINSARD;FIGLESIAS;JMGEUS;MROULEAU;RGUIGUES;ecologie_bdc;DGFIP_contributeur,null,0
50000656,null,2007-11-19 01:00:00.0,null,Agents BDC (Economie),0,null,null,50000655,null,0,1,0,0,null,null,null,null,CPAROLINI;FISAIA;JCHIFFRE;MDALLARD;MQPA;PETCHEVERRY;SEC-BDC;T_ADM_ENT;bdc;finance_bdc;minagriculture;mince;minecologie;minfinance;minoutremer;mintravail;outremer_bdc,null,0
50000658,null,2006-05-04 02:00:00.0,null,Agents DPAEP (Economie),0,null,null,50000657,null,0,0,0,0,null,null,null,null,CCOURIO;MVILLAIN;SPEIDRO,null,0
50000660,null,2006-05-04 02:00:00.0,null,Agents DGTPE (Economie),0,null,null,50000659,null,0,0,0,0,null,null,null,null,DGTPE-AFT;DGTPE-AMD;DGTPE-APE;DGTPE-ASSUR;DGTPE-BF;DGTPE-CABDG;DGTPE-DV;DGTPE-FINENT;DGTPE-SGE,null,0
50000682,null,2007-04-24 02:00:00.0,null,Chargé de missions DJO,0,null,null,50000629,null,0,0,0,0,null,null,null,null,JMHELBECQUE;PVIRUEGA,null,0
50000685,null,2006-05-04 02:00:00.0,null,Responsable du dépt activité normative,0,null,null,50000624,null,0,0,0,0,null,null,null,null,DARMIN,null,0
50000739,null,2006-05-10 02:00:00.0,null,Agents du service de documentation,0,null,null,50000737,null,0,0,0,0,null,null,null,null,DOCUMS;JURISTES;PPETITCOLLOT;SBONNISSENT,null,0
50000761,null,2006-05-12 02:00:00.0,null,Directeur du Cab. PM,0,null,null,50000610,null,0,0,0,0,null,null,null,null,JPFAUGERE;SECDIRCABPM,null,0
50000788,null,2006-05-18 02:00:00.0,null,testeurs,0,null,null,50000648,null,0,0,0,0,null,null,null,null,N_CONTRIB_1;N_CONTRIB_2;N_CONTRIB_3;N_CONTRIB_5;XCHEN,null,0
50000810,null,2006-05-19 02:00:00.0,null,Agents affaires juridiques DEV,0,null,null,50000653,null,0,0,0,0,null,null,null,null,ADESBROSSES;ADESOUCHES;CPOINSARD;FAGOSTINI;FPEROUZE;PCAPS;PHRICOLEDIAG;SSAINTGERMAI,null,0
50000873,null,2006-10-10 02:00:00.0,null,DGCL Cabinet,0,null,null,50000866,null,0,0,0,0,null,null,null,null,EJOSSA,null,0
50000882,null,2006-09-08 02:00:00.0,null,Chargé de mission industrie agriculture,0,null,null,50000619,null,0,0,0,0,null,null,null,null,BAVENTINO;ETISON,null,0
50000883,null,2007-04-24 02:00:00.0,null,Chef rédaction DJO,0,null,null,50000629,null,0,0,0,0,null,null,null,null,XPAYS,null,0
50000907,null,2006-06-26 02:00:00.0,null,Agent rédaction DJO,0,null,null,50000631,null,0,0,0,0,null,null,null,null,CBRUN;CLEMEVEL;FBIERNE;FGUILLOT;JROA;LCADET;LKARAR;PALBA;PBELLEFOND;RVAULTIER;SVIGNAL;XPAYS,null,0
50000910,null,2006-12-01 01:00:00.0,null,Administrateurs,0,null,null,null,null,0,0,0,0,null,null,null,null,MTAILLEFER;TMICHAUX;adminsgg,null,0
50000958,null,2006-12-01 01:00:00.0,null,Administrateurs,0,null,null,null,null,0,0,0,0,null,null,null,null,CDUMONT;MTAILLEFER;TMICHAUX;adminsgg,null,0
50000964,null,2007-01-02 01:00:00.0,null,Chef de la mission qualité de la norme,0,null,null,50000963,null,0,0,0,0,null,null,null,null,JPBALCOU;PHMECHET,null,0
50000965,null,2007-01-02 01:00:00.0,null,Chef de la mission DPDD,0,null,null,50000962,null,0,0,0,0,null,null,null,null,T_ADMIN_ENT;adminsgg,null,0
50001013,null,2007-02-12 01:00:00.0,null,RH1,0,null,null,50001010,null,0,0,0,0,null,null,null,null,JAUMOND;NATRAOUI,null,0
50001014,null,2007-02-12 01:00:00.0,null,RH2,0,null,null,50001010,null,0,0,0,0,null,null,null,null,DBARBA,null,0
50001015,null,2007-02-12 01:00:00.0,null,RH4,0,null,null,50001010,null,0,0,0,0,null,null,null,null,FGUERITZ,null,0
50001016,null,2007-02-12 01:00:00.0,null,DAF1,0,null,null,50001011,null,0,0,0,0,null,null,null,null,DAF1BUD;DAF1REM;NCROWET,null,0
50001017,null,2007-02-12 01:00:00.0,null,DAF2,0,null,null,50001011,null,0,0,0,0,null,null,null,null,DAF2C;DAF2E;DAF2QAF;JYRAIMBAULT;MAMASSON,null,0
50001018,null,2007-02-12 01:00:00.0,null,Agents Bureau cabinet MAE,0,null,null,50000946,null,0,1,0,0,null,null,null,null,PBARAGHINI,null,0
50001019,null,2007-02-12 01:00:00.0,null,Agents DGA MAE,0,null,null,50000947,null,0,0,0,0,null,null,null,null,DGA;GOLLAGNIER,null,0
50001020,null,2007-02-12 01:00:00.0,null,Agents Serv. aff. juridiques internes,0,null,null,50001012,null,0,0,0,0,null,null,null,null,LGUILLOTEAU;SAJI,null,0
50001029,null,2007-02-16 01:00:00.0,null,Bureau Cabinet outre-mer,0,null,null,50001026,null,0,1,0,0,null,null,null,null,FSAINTECROIX;NGUIRIABOYE;TLANDRY,null,0
50001030,null,2007-02-20 01:00:00.0,null,Bureau du droit public,0,null,null,50001088,null,0,0,0,0,null,null,null,null,null,null,0
50001031,null,2007-02-20 01:00:00.0,null,Administrateur S.O.L.O.N. (Justice),0,null,null,50001088,null,0,0,0,0,null,null,null,null,ICROSO,null,0
50001039,null,2007-02-12 01:00:00.0,null,Agts Dir. Fr étranger et étr. en France,0,null,null,50000948,null,0,0,0,0,null,null,null,null,DFAE,null,0
50001040,null,2007-02-12 01:00:00.0,null,Agents DAJ,0,null,null,50000949,null,0,0,0,0,null,null,null,null,BBAIRI;BBENTAYEB,null,0
50001058,null,2007-02-21 01:00:00.0,null,BDC Santé (Min. SJS),0,null,null,50001043,null,0,1,0,0,null,null,null,null,CHIDEUX;JMHAUTION,null,0
50001059,null,2007-02-21 01:00:00.0,null,Agents DGS (Min. SJS),0,null,null,50001046,null,0,0,0,0,null,null,null,null,ABELLEGUIC;CAGRICOLE;JBOUTELOUP;NTRUCHOT;PBUZELIN;SNARDIN,null,0
50001061,null,2007-02-21 01:00:00.0,null,Agents DAGPB (Min. SJS),0,null,null,50001044,null,0,0,0,0,null,null,null,null,ADELOFFRE;CAMBROISE;CBELGACEM;EMIGEVANT;GSICART;IPILLAZ;JLLADRIX;XREGORD,null,0
50001062,null,2007-02-21 01:00:00.0,null,Agents DHOS (Min. SJS),0,null,null,50001047,null,0,0,0,0,null,null,null,null,CELUAUD;CMERCIER;DFEBI;JKOCH;MADJIAGE;MCHANELIERE;NGRENET;RPULVAL;SBENIDJER;SSOUPRA,null,0
50001063,null,2007-02-21 01:00:00.0,null,Agents DSS (Min. SJS),0,null,null,50001048,null,0,0,0,0,null,null,null,null,AMBOUCHARD;BGUERINEAU;CMARTIN;COGETGENDRE;DCAMUS;FLEMORVAN;JLREY;JPVINQUANT;MDELILLE;MSCHNEPF;PDEVAUX,null,0
50001064,null,2007-06-07 02:00:00.0,null,Agents DREES (Min. SJS),0,null,null,50001049,null,0,0,0,0,null,null,null,null,PFLEUTIAUX,null,0
50001065,null,2007-02-21 01:00:00.0,null,Agents DIF (Min. MTS),0,null,null,50001056,null,0,0,0,0,null,null,null,null,MBMAIZY,null,0
50001066,null,2007-02-21 01:00:00.0,null,Agents DIPH (MTS),0,null,null,50001082,null,0,0,0,0,null,null,null,null,SKOMPANY,null,0
50001067,null,2007-02-21 01:00:00.0,null,Bureau du droit international (Défense),0,null,null,50001154,null,0,0,0,0,null,null,null,null,BLINARI,null,0
50001069,null,2007-02-21 01:00:00.0,null,B. études et organisation (Défense),0,null,null,50001155,null,0,0,0,0,null,null,null,null,DBAVART,null,0
50001097,null,2007-02-20 01:00:00.0,null,BDC Justice,0,null,null,50001086,null,0,1,0,0,null,null,null,null,TDAVIAU,null,0
50001098,null,2007-02-20 01:00:00.0,null,Secteur txt réglementaires (Justice),0,null,null,50001086,null,0,0,0,0,null,null,null,null,PMERLET;PTALABERT;SGOUPIL;SHAUGUEL;DGCIS_contributeur,null,0
50001099,null,2007-02-20 01:00:00.0,null,Dir. aff. criminelles et des grâces,0,null,null,50001089,null,0,0,0,0,null,null,null,null,ASAFFAR;FLEGUNEHEC;JMHUET;MBIERRY;NBECACHE;NMALASSIS,null,0
50001107,null,2007-02-20 01:00:00.0,null,Sous-dir. droit économique,0,null,null,50001088,null,0,0,0,0,null,null,null,null,NRICHOUX,null,0
50001108,null,2007-10-17 02:00:00.0,null,Sous-dir. droit civil,0,null,null,50002486,null,0,0,0,0,null,null,null,null,CORHANT,null,0
50001109,null,2007-10-17 02:00:00.0,null,Sous-dir. prof. jud. et juridiques,0,null,null,50002487,null,0,0,0,0,null,null,null,null,RBOURJOUANE,null,0
50001114,null,2007-02-22 01:00:00.0,null,Agents DGEMP,0,null,null,50000817,null,0,0,0,0,null,null,null,null,AMSALA;CBAZILE;CKOTFILA;PMARNE;ecologie_dgemp,null,0
50001115,null,2007-02-22 01:00:00.0,null,Agents CGIET,0,null,null,50001057,null,0,0,0,0,null,null,null,null,IVALLET;JCHANDELIER;JLMORTIER;PVANNIER,null,0
50001116,null,2007-02-23 01:00:00.0,null,Chef sect. informat. et bur. (Défense),0,null,null,50001147,null,0,0,0,0,null,null,null,null,JDCLERGET,null,0
50001121,null,2007-02-28 01:00:00.0,null,Chef bureau FP1 (DGCL),0,null,null,50001306,null,0,0,0,0,null,null,null,null,CCHAGNET,null,0
50001122,null,2007-02-28 01:00:00.0,null,Chef bureau FP2 (DGCL),0,null,null,50001306,null,0,0,0,0,null,null,null,null,VLEGLEUT,null,0
50001123,null,2007-02-28 01:00:00.0,null,Chef bureau FP3 (DGCL),0,null,null,50001306,null,0,0,0,0,null,null,null,null,PMOUTAFIAN,null,0
50001124,null,2007-02-28 01:00:00.0,null,Chef du bureau FL1 (DGCL),0,null,null,50001307,null,0,0,0,0,null,null,null,null,AKOUTCHOUK,null,0
50001125,null,2007-02-28 01:00:00.0,null,Chef du bureau FL2 (DGCL),0,null,null,50001307,null,0,0,0,0,null,null,null,null,MVILLIERS,null,0
50001126,null,2007-02-28 01:00:00.0,null,Chef du bureau FL3 (DGCL),0,null,null,50001307,null,0,0,0,0,null,null,null,null,FL3,null,0
50001127,null,2007-02-28 01:00:00.0,null,Chef du bureau FL5 (DGCL),0,null,null,50001307,null,0,0,0,0,null,null,null,null,OCHENAIN,null,0
50001128,null,2007-02-28 01:00:00.0,null,Chef du bureau CIL1 (DGCL),0,null,null,50001308,null,0,0,0,0,null,null,null,null,PHELBERT,null,0
50001129,null,2007-02-28 01:00:00.0,null,Chef du bureau CIL2 (DGCL),0,null,null,50001308,null,0,0,0,0,null,null,null,null,CIL2,null,0
50001130,null,2007-02-28 01:00:00.0,null,Chef du bureau CIL3 (DGCL),0,null,null,50001308,null,0,0,0,0,null,null,null,null,CIL3,null,0
50001131,null,2007-02-28 01:00:00.0,null,Chef du bureau CIL4 (DGCL),0,null,null,50001308,null,0,0,0,0,null,null,null,null,CIL4;DBRUEL,null,0
50001149,null,2007-02-21 01:00:00.0,null,Chef BDC Défense,0,null,null,50001147,null,0,0,0,0,null,null,null,null,PGAILLARD;RLEBAS,null,0
50001150,null,2007-02-21 01:00:00.0,null,Chef de la section BC. 2 (Défense),0,null,null,50001147,null,0,0,0,0,null,null,null,null,FCHATELET,null,0
50001151,null,2007-02-21 01:00:00.0,null,Section BC. 2 (Défense),0,null,null,50001147,null,0,0,0,0,null,null,null,null,CCHEVREUX;CPOULARD;MCARPENTIER,null,0
50001158,null,2007-02-21 01:00:00.0,null,"B. org, modern, aménagt struct (Défense)",0,null,null,50001153,null,0,0,0,0,null,null,null,null,BHERELLE;LPHILIPPON,null,0
50001159,null,2007-02-21 01:00:00.0,null,B. expertise gal et légistique (Défense),0,null,null,50001153,null,0,0,0,0,null,null,null,null,PALAIN,null,0
50001160,null,2007-02-21 01:00:00.0,null,B.  droit santé et envir. (Défense),0,null,null,50001153,null,0,0,0,0,null,null,null,null,ACALVIGNAC,null,0
50001161,null,2007-02-21 01:00:00.0,null,"Cellule CADA, CNIL, médiateur (Défense)",0,null,null,50001153,null,0,0,0,0,null,null,null,null,PBANZET,null,0
50001176,null,2007-02-21 01:00:00.0,null,"BDC travail (""Grenelle"")",0,null,null,50000990,null,0,1,0,0,null,null,null,null,BYVENOU;DLACOTTE;JMBOUSQUET;travail_bdc,null,0
50001177,null,2007-02-21 01:00:00.0,null,DGT-RT2,0,null,null,50001163,null,0,0,0,0,null,null,null,null,ABEAUMARD;BESPINASSOUS;CLASSALLE;DMUNOZ;PPINTO,null,0
50001178,null,2007-02-21 01:00:00.0,null,DGT-CPS,0,null,null,50001163,null,0,0,0,0,null,null,null,null,BDJEBALI;PAHOPITAL,null,0
50001179,null,2007-02-21 01:00:00.0,null,DAGEMO-MRSS,0,null,null,50001164,null,0,0,0,0,null,null,null,null,VSCHWAB,null,0
50001180,null,2007-02-21 01:00:00.0,null,DAGEMO-BGPSD,0,null,null,50001164,null,0,0,0,0,null,null,null,null,CCOUCKE;LGROSSE,null,0
50001181,null,2007-02-21 01:00:00.0,null,DAGEMO-BGPEF,0,null,null,50001164,null,0,0,0,0,null,null,null,null,SPLANCHE,null,0
50001182,null,2007-02-21 01:00:00.0,null,DAGEMO-BRHAMS,0,null,null,50001164,null,0,0,0,0,null,null,null,null,JDRON,null,0
50001183,null,2007-02-21 01:00:00.0,null,DPM-SG décret,0,null,null,50001165,null,0,0,0,0,null,null,null,null,FLOQUET,null,0
50001184,null,2007-02-21 01:00:00.0,null,DPM-N3 rapportant,0,null,null,50001165,null,0,0,0,0,null,null,null,null,CMODAT,null,0
50001185,null,2007-02-21 01:00:00.0,null,DPM-Direction,0,null,null,50001165,null,0,0,0,0,null,null,null,null,JSOLTANI,null,0
50001186,null,2007-02-21 01:00:00.0,null,DPM-DM12,0,null,null,50001165,null,0,0,0,0,null,null,null,null,MCPIRIOU,null,0
50001187,null,2007-02-21 01:00:00.0,null,(vide) DGEFP titre professionnel,0,null,null,50001166,null,0,0,0,0,null,null,null,null,null,null,0
50001188,null,2007-02-21 01:00:00.0,null,Agents DGEFP,0,null,null,50001166,null,0,0,0,0,null,null,null,null,CMOREL;GDAUTANE;MDUDOME;MVANNIER;dgefp;finance_dgefp;outremer_dgefp,null,0
50001189,null,2007-02-21 01:00:00.0,null,Agents IGAS,0,null,null,50001167,null,0,0,0,0,null,null,null,null,LJABOL,null,0
50001190,null,2007-02-21 01:00:00.0,null,DGUHC/DH 2,0,null,null,50001168,null,0,0,0,0,null,null,null,null,CTETELBOM,null,0
50001191,null,2007-02-21 01:00:00.0,null,Agents SDFE,0,null,null,50001169,null,0,0,0,0,null,null,null,null,CPARESCHI,null,0
50001192,null,2007-02-27 01:00:00.0,null,Responsable Conseils d'administration,0,null,null,50000737,null,0,0,0,0,null,null,null,null,CCANO;GFUCHS;PPETITCOLLOT,null,0
50001194,null,2007-03-02 01:00:00.0,null,Agents BDE MEDAD,0,null,null,50000832,null,0,0,0,0,null,null,null,null,JPAGULLO;JSIRONNEAU;MFAIVRE;RDOSSENA,null,0
50001195,null,2007-03-02 01:00:00.0,null,Assistante chef bureau agences de l'eau,0,null,null,50000832,null,0,0,0,0,null,null,null,null,NDROUET,null,0
50001196,null,2007-03-02 01:00:00.0,null,Bureau carto. risques et aménagement,0,null,null,50000833,null,0,0,0,0,null,null,null,null,IDINIZ,null,0
50001197,null,2007-03-02 01:00:00.0,null,Service environn. industriel contentieux,0,null,null,50000833,null,0,0,0,0,null,null,null,null,CGUYOT;MMAUFFRET,null,0
50001198,null,2007-03-02 01:00:00.0,null,Sous-dir. produits et déchets,0,null,null,50000833,null,0,0,0,0,null,null,null,null,MCCOURAUD,null,0
50001199,null,2007-03-02 01:00:00.0,null,Chargé de mission Natura 2000,0,null,null,50000834,null,0,0,0,0,null,null,null,null,JGODART;SSCHIANO,null,0
50001200,null,2007-03-02 01:00:00.0,null,"Sous-dir. chasse, faune et flore",0,null,null,50000834,null,0,0,0,0,null,null,null,null,CSERVOT,null,0
50001201,null,2007-03-02 01:00:00.0,null,Bureau des sites,0,null,null,50000834,null,0,0,0,0,null,null,null,null,BFOURE,null,0
50001202,null,2007-03-02 01:00:00.0,null,Bureau réglement. intégration environ.,0,null,null,50000835,null,0,0,0,0,null,null,null,null,MFFACON;VTIBI,null,0
50001204,null,2007-03-12 01:00:00.0,null,Sec. conseiller affaires économiques,0,null,null,50000619,null,0,0,0,0,null,null,null,null,DBLIND;MNORTHEE,null,0
50001205,null,2007-03-12 01:00:00.0,null,Sec. chargé de mission intérieur DOM-TOM,0,null,null,50000619,null,0,0,0,0,null,null,null,null,CSIMOES;JCCARRER,null,0
50001206,null,2006-09-08 02:00:00.0,null,Sec. chargé de mission équipement logt.,0,null,null,50000619,null,0,0,0,0,null,null,null,null,CJANDOT;XMADORE,null,0
50001212,null,2007-02-22 01:00:00.0,null,Agents DGDDI,0,null,null,50000954,null,0,0,0,0,null,null,null,null,CSABIRON;ECARTOU;HMARJOLLET;NLABADIE,null,0
50001214,null,2007-02-22 01:00:00.0,null,Agents DGCP,0,null,null,50000838,null,0,0,0,0,null,null,null,null,AMEISSIMILLY;CSOULI;EROGACZEWSKI;MPOLLEDRI;OANXIONNAZ,null,0
50001215,null,2007-02-22 01:00:00.0,null,Agents DGME,0,null,null,50000648,null,0,0,0,0,null,null,null,null,JMSARROT;PSUCEVIC,null,0
50001216,null,2007-02-22 01:00:00.0,null,Agents service des pensions,0,null,null,50000955,null,0,0,0,0,null,null,null,null,HLECA,null,0
50001217,null,2007-02-22 01:00:00.0,null,Agents sec. général (Economie),0,null,null,50000889,null,0,0,0,0,null,null,null,null,MTEXIER;SCRENDAL;VMAPELLI;finance_secgeneco;outremer_secgeneco;secgeneco,null,0
50001218,null,2007-02-22 01:00:00.0,null,Agents DGCCRF (Economie),0,null,null,50000836,null,0,0,0,0,null,null,null,null,MFMEOT;MMARNAS,null,0
50001219,null,2007-02-22 01:00:00.0,null,Agents DAJ (Economie),0,null,null,50001021,null,0,0,0,0,null,null,null,null,CBERGEAL;FAMERIGO;JSARNEL,null,0
50001220,null,2007-02-22 01:00:00.0,null,Agents IGF (Economie),0,null,null,50001022,null,0,0,0,0,null,null,null,null,AFLAMANT;CLCANET,null,0
50001221,null,2007-02-22 01:00:00.0,null,Agents INSEE (Economie),0,null,null,50001023,null,0,0,0,0,null,null,null,null,FVILLENEUVE;MCHAMAK;MPOLLEDRI2;NMAURIN;PGRISELLE,null,0
50001222,null,2007-02-22 01:00:00.0,null,Agts contrôle gal éco. et fin (Economie),0,null,null,50001024,null,0,0,0,0,null,null,null,null,FGENVRIN,null,0
50001223,null,2007-02-22 01:00:00.0,null,Haut fonctionnaire défense (Economie),0,null,null,50001025,null,0,0,0,0,null,null,null,null,SGUITEL,null,0
50001237,null,2007-02-23 01:00:00.0,null,Chef IGA (Intérieur),0,null,null,50000871,null,0,0,0,0,null,null,null,null,TKLINGER,null,0
50001238,null,2006-10-10 02:00:00.0,null,DGCL ML,0,null,null,50000866,null,0,0,0,0,null,null,null,null,JRICHARD,null,0
50001251,null,2007-02-27 01:00:00.0,null,Chef du bureau des cabinets (Intérieur),0,null,null,50001248,null,0,0,0,0,null,null,null,null,MBAMEUL,null,0
50001260,null,2007-02-27 01:00:00.0,null,Dir. cabinet collectivités terr.,0,null,null,50001118,null,0,0,0,0,null,null,null,null,null,null,0
50001279,null,2007-02-27 01:00:00.0,null,Chef du cabinet Intérieur,0,null,null,50000865,null,0,0,0,0,null,null,null,null,SBLANCHOIN,null,0
50001281,null,2007-02-27 01:00:00.0,null,Chargé de mission TIC,0,null,null,50001248,null,0,0,0,0,null,null,null,null,SBLANCHOIN,null,0
50001291,null,2007-02-27 01:00:00.0,null,Sect. aff. réservées et budg (Intérieur),0,null,null,50001283,null,0,0,0,0,null,null,null,null,CLIECHTI;SGCAB,null,0
50001297,null,2007-02-27 01:00:00.0,null,Chef bureau élections et études pol.,0,null,null,50001285,null,0,0,0,0,null,null,null,null,SBOURRON,null,0
50001298,null,2008-12-01 01:00:00.0,null,Chef bureau associations et fondations,0,null,null,50001365,null,0,0,0,0,null,null,null,null,MLOTTIER,null,0
50001299,null,2008-12-01 01:00:00.0,null,Bureau central des cultes,0,null,null,50001365,null,0,0,0,0,null,null,null,null,BCCULTES,null,0
50001300,null,2007-02-27 01:00:00.0,null,Chef bur. déconcentr. et pol. terr. Etat,0,null,null,50001285,null,0,0,0,0,null,null,null,null,BPA;NCOLIN,null,0
50001301,null,2007-02-27 01:00:00.0,null,Chef du cabinet,0,null,null,50001286,null,0,0,0,0,null,null,null,null,PMAGNIER,null,0
50001302,null,2007-02-27 01:00:00.0,null,Sous-dir. des personnels,0,null,null,50001286,null,0,0,0,0,null,null,null,null,MKIRRY,null,0
50001303,null,2007-02-27 01:00:00.0,null,Sous-dir. recrutement et formation,0,null,null,50001286,null,0,0,0,0,null,null,null,null,ITOBIA,null,0
50001304,null,2007-02-27 01:00:00.0,null,"Dir. évaluation, perf, aff. fin. et immo",0,null,null,50001287,null,0,0,0,0,null,null,null,null,BMUNCH,null,0
50001310,null,2007-02-28 01:00:00.0,null,BDC sports,0,null,null,50001309,null,0,0,0,0,null,null,null,null,IJOSSE;JGOMIS,null,0
50001312,null,2007-02-28 01:00:00.0,null,Agents DRH Adm. et coord. gale,0,null,null,50001311,null,0,0,0,0,null,null,null,null,AMDEBAUW;BOURNONVILLE;CCALCAGNI,null,0
50001316,null,2007-02-28 01:00:00.0,null,Agent Dir jeunesse et éduc. populaire,0,null,null,50001315,null,0,0,0,0,null,null,null,null,JCILPA,null,0
50001318,null,2007-02-28 01:00:00.0,null,"Agents Dir vie asso, emploi, formations",0,null,null,50001317,null,0,0,0,0,null,null,null,null,MSECK,null,0
50001323,null,2007-03-02 01:00:00.0,null,Sous-dir. des libertés publiques,0,null,null,50001365,null,0,0,0,0,null,null,null,null,SDLPCAB,null,0
50001327,null,2008-12-01 01:00:00.0,null,Chef du bureau des cercles et jeux,0,null,null,50001364,null,0,0,0,0,null,null,null,null,VSOPRANA,null,0
50001328,null,2008-12-01 01:00:00.0,null,"Bureau nat., titres d'identité et voyage",0,null,null,50001365,null,0,0,0,0,null,null,null,null,MCCORNEC,null,0
50001333,null,2007-02-28 01:00:00.0,null,DGPN Cabinet,0,null,null,50001332,null,0,0,0,0,null,null,null,null,CABDGPN;DGPNDECO,null,0
50001382,null,2007-03-02 01:00:00.0,null,Sous-dir. circ. et sécurité routière,0,null,null,50001367,null,0,0,0,0,null,null,null,null,PSALLES,null,0
50001384,null,2007-03-02 01:00:00.0,null,Bureau surveillance réseau routier,0,null,null,50001367,null,0,0,0,0,null,null,null,null,BSRR;DSARTHOU,null,0
50001390,null,2007-03-02 01:00:00.0,null,Directeur de cabinet DDSC,0,null,null,50001386,null,0,0,0,0,null,null,null,null,CAUMONIER,null,0
50001391,null,2007-03-02 01:00:00.0,null,Adjoint sous-dir. gestion des risques,0,null,null,50001387,null,0,0,0,0,null,null,null,null,PLEFEBVRE,null,0
50001392,null,2007-03-02 01:00:00.0,null,Chef bureau services incendie et secours,0,null,null,50001388,null,0,0,0,0,null,null,null,null,ALAUGA,null,0
50001393,null,2007-03-02 01:00:00.0,null,Chef bureau statuts et dialogue social,0,null,null,50001388,null,0,0,0,0,null,null,null,null,EPLUMEJEAU;MPORTEOUS,null,0
50001394,null,2007-03-02 01:00:00.0,null,Chef bureau affaires fin. et juridiques,0,null,null,50001389,null,0,0,0,0,null,null,null,null,DJANKOWIAK,null,0
50001406,null,2007-03-02 01:00:00.0,null,Direction des affaires générales,0,null,null,50001405,null,0,0,0,0,null,null,null,null,null,null,0
50001407,null,2007-03-02 01:00:00.0,null,Coordination SGDN,0,null,null,50001405,null,0,0,0,0,null,null,null,null,ADELETANG;FBILLON,null,0
50001408,null,2007-03-02 01:00:00.0,null,Secrétariat central SGDN,0,null,null,50001405,null,0,0,0,0,null,null,null,null,MBLET;PLIENARD,null,0
50001410,null,2007-03-14 01:00:00.0,null,Conseiller auprès du PM,0,null,null,50000610,null,0,0,0,0,null,null,null,null,IMITROFANOFF;SMITROFANOFF,null,0
50001412,null,2007-03-14 01:00:00.0,null,Directeur adj Cab PM Gosset-Grainville,0,null,null,50000610,null,0,0,0,0,null,null,null,null,AGOSSET;SECGOSSET,null,0
50001414,null,2007-03-14 01:00:00.0,null,Chef du Cabinet PM,0,null,null,50000610,null,0,1,0,0,null,null,null,null,FROBINE;SECCHEFCAB,null,0
50001415,null,2007-03-14 01:00:00.0,null,Chef adjoint du Cabinet PM,0,null,null,50000610,null,0,0,0,0,null,null,null,null,GDUFEIGNEUX,null,0
50001416,null,2007-03-14 01:00:00.0,null,Chef du Cabinet militaire PM,0,null,null,50000610,null,0,0,0,0,null,null,null,null,HRENAUD;PVILLIERS;SECDENUEL;TPINEAUD,null,0
50001417,null,2006-09-08 02:00:00.0,null,Sec chargé mission industr. agriculture,0,null,null,50000619,null,0,0,0,0,null,null,null,null,PBRUDEY;VCASTAN,null,0
50001418,null,2007-03-23 01:00:00.0,null,Chef secteur conseil ministres,0,null,null,50000624,null,0,0,0,0,null,null,null,null,CHEFCM,null,0
50001419,null,2007-03-23 01:00:00.0,null,Contributeur DAN,0,null,null,50000624,null,0,0,0,0,null,null,null,null,DANCONTRIB,null,0
50001421,null,2007-03-23 01:00:00.0,null,Chef secteur législation,0,null,null,50000624,null,0,0,0,0,null,null,null,null,CHEFLEG,null,0
50001423,null,2007-03-23 01:00:00.0,null,Responsable DAN - arrivée ministères,0,null,null,50000624,null,0,0,0,0,null,null,null,null,DARMIN,null,0
50001424,null,2007-03-23 01:00:00.0,null,Responsable pôle décrets - arrivée txt,0,null,null,50000624,null,0,0,0,0,null,null,null,null,DARRT,null,0
50001425,null,2007-03-23 01:00:00.0,null,Pôle décrets - traitement des textes,0,null,null,50000624,null,0,0,0,0,null,null,null,null,DTRAIT,null,0
50001426,null,2007-03-23 01:00:00.0,null,Responsable pôle décrets - contrôle,0,null,null,50000624,null,0,0,0,0,null,null,null,null,DCONTR,null,0
50001427,null,2007-03-23 01:00:00.0,null,Responsable DAN - textes 1e lecture,0,null,null,50000624,null,0,0,0,0,null,null,null,null,TXT1,null,0
50001428,null,2007-03-23 01:00:00.0,null,Responsable DAN - textes 2e lecture,0,null,null,50000624,null,0,0,0,0,null,null,null,null,TXT2,null,0
50001429,null,2007-03-23 01:00:00.0,null,Pôle arrêtés - traitement des textes,0,null,null,50000624,null,0,0,0,0,null,null,null,null,ATRAIT,null,0
50001430,null,2007-03-23 01:00:00.0,null,Responsable pôle arrêtés - contrôle,0,null,null,50000624,null,0,0,0,0,null,null,null,null,ACONTR,null,0
50001454,null,2007-03-09 01:00:00.0,null,Agents BDC Agriculture,0,null,null,50001443,null,0,1,0,0,null,null,null,null,CKUNTZ;FMIKEL;GCOLMETDAAGE;agriculture_bdc,null,0
50001455,null,2007-03-09 01:00:00.0,null,Mission Aff gén (DGFAR-AGR),0,null,null,50001445,null,0,0,0,0,null,null,null,null,ALOUSSALA,null,0
50001456,null,2007-03-09 01:00:00.0,null,Sous-dir org économique (DGPEEI-AGR),0,null,null,50001446,null,0,0,0,0,null,null,null,null,NCOGNARD;VTOUREILLE;agriculture_sdoe,null,0
50001457,null,2007-03-09 01:00:00.0,null,Sous-dir Pol contractuelle  (DGER-AGR),0,null,null,50001447,null,0,0,0,0,null,null,null,null,SAZOULAY,null,0
50001458,null,2007-03-09 01:00:00.0,null,Bureau Aff gén (DGA-AGR),0,null,null,50001448,null,0,0,0,0,null,null,null,null,SSAINTCLAIR,null,0
50001459,null,2007-03-09 01:00:00.0,null,Agents Dir pêches marit. et aquaculture,0,null,null,50001449,null,0,0,0,0,null,null,null,null,EDUMOND;FMADELINE;JGABEZ,null,0
50001463,null,2007-03-12 01:00:00.0,null,Bureau des statuts (Défense),0,null,null,50001460,null,0,0,0,0,null,null,null,null,GBILLOT,null,0
50001464,null,2007-03-12 01:00:00.0,null,B. études gales et réserve (Défense),0,null,null,50001460,null,0,0,0,0,null,null,null,null,CDAGES,null,0
50001465,null,2007-03-12 01:00:00.0,null,B. régl pers. admin paraméd et soc (Déf),0,null,null,50001461,null,0,0,0,0,null,null,null,null,MCHARTIER,null,0
50001466,null,2007-03-12 01:00:00.0,null,B. pers. techn. et ouvriers Etat (Déf.),0,null,null,50001461,null,0,0,0,0,null,null,null,null,CANSELIN,null,0
50001467,null,2007-03-12 01:00:00.0,null,B. régl. primes et indemnités (Déf.),0,null,null,50001461,null,0,0,0,0,null,null,null,null,CMARQUET,null,0
50001468,null,2007-03-12 01:00:00.0,null,Bureau concours et exam. prof. (Défense),0,null,null,50001462,null,0,0,0,0,null,null,null,null,JHUGON;RMLEVILLO,null,0
50001469,null,2007-03-12 01:00:00.0,null,B. gest. coll. carr. pers. enc. agt nt,0,null,null,50001462,null,0,0,0,0,null,null,null,null,DDALLOT;JKUPCZAK,null,0
50001470,null,2007-03-12 01:00:00.0,null,B. des règles minist. de gestion (Déf.),0,null,null,50001462,null,0,0,0,0,null,null,null,null,JFERRU,null,0
50001504,null,2007-03-29 02:00:00.0,null,Chef du cabinet DFPN,0,null,null,50001605,null,0,0,0,0,null,null,null,null,HJARRY,null,0
50001505,null,2007-03-29 02:00:00.0,null,Chef études jur. de div. études prospect,0,null,null,50001606,null,0,0,0,0,null,null,null,null,VLEBEGUEC,null,0
50001506,null,2007-03-29 02:00:00.0,null,Chef inspection technique,0,null,null,50001607,null,0,0,0,0,null,null,null,null,DCCRS,null,0
50001507,null,2006-09-08 02:00:00.0,null,Chargée de mission culture justice,0,null,null,50000619,null,0,0,0,0,null,null,null,null,CBARROIS;FGASPARD,null,0
50001508,null,2006-09-08 02:00:00.0,null,Chargé de mission fonction publique,0,null,null,50000619,null,0,0,0,0,null,null,null,null,CTOUBOUL;FTRUC;SMARAIS,null,0
50001509,null,2006-09-08 02:00:00.0,null,Sec. chargé de mission fonction publique,0,null,null,50000619,null,0,0,0,0,null,null,null,null,CNAIT;JADANI,null,0
50001510,null,2006-09-08 02:00:00.0,null,Chargé de mission affaires étrangères,0,null,null,50000619,null,0,0,0,0,null,null,null,null,BAVENTINO;BROQUEFEUIL,null,0
50001511,null,2006-09-08 02:00:00.0,null,Sec. chargé de mission aff. étrangères,0,null,null,50000619,null,0,0,0,0,null,null,null,null,CASTIER;FGUERIN,null,0
50001512,null,2006-09-08 02:00:00.0,null,Chargé de mission solidarité santé,0,null,null,50000619,null,0,0,0,0,null,null,null,null,AARNAULT;GCONTREPOIS;NPOLGE,null,0
50001518,null,2006-05-04 02:00:00.0,null,"Conseiller Education, Ens. sup., Rech PM",0,null,null,50000610,null,0,0,0,0,null,null,null,null,JBCARPENTIER;SECEDUCATION,null,0
50001519,null,2006-05-04 02:00:00.0,null,Conseiller techn. Culture PM,0,null,null,50000610,null,0,0,0,0,null,null,null,null,HCASSAGNA;SECCULTURE,null,0
50001520,null,2006-05-04 02:00:00.0,null,Conseillers Diplomatiques PM,0,null,null,50000610,null,0,0,0,0,null,null,null,null,JLAPOUGE;SECDIPLO,null,0
50001523,null,2006-05-04 02:00:00.0,null,Poste vide Conseiller Equipement PM,0,null,null,50000610,null,0,0,0,0,null,null,null,null,SECEQUIPT,null,0
50001524,null,2006-05-04 02:00:00.0,null,Conseillère Justice PM,0,null,null,50000610,null,0,0,0,0,null,null,null,null,MCAILLIBOTTE;SECJUSTICE,null,0
50001525,null,2006-05-04 02:00:00.0,null,Conseillère techn. Libertés publiques PM,0,null,null,50000610,null,0,0,0,0,null,null,null,null,LMARION;SECLIBPUB,null,0
50001526,null,2006-05-04 02:00:00.0,null,Conseiller techn. Santé PM,0,null,null,50000610,null,0,0,0,0,null,null,null,null,CGROUCHKA;SECSANTE,null,0
50001527,null,2006-05-04 02:00:00.0,null,Conseiller Fonction publique PM,0,null,null,50000610,null,0,0,0,0,null,null,null,null,JFMONTEILS;SECFP,null,0
50001529,null,2006-05-04 02:00:00.0,null,Conseiller Social PM,0,null,null,50000610,null,0,0,0,0,null,null,null,null,ERAUBRY;SECSOCIAL,null,0
50001530,null,2006-05-04 02:00:00.0,null,"Conseillère Etudes, prospective PM",0,null,null,50000610,null,0,0,0,0,null,null,null,null,SBOISSARD;SECETUDES,null,0
50001531,null,2006-05-04 02:00:00.0,null,Conseiller techn. Coll. locales et OM PM,0,null,null,50000610,null,0,0,0,0,null,null,null,null,OMAGNAVAL;SECTERRIT,null,0
50001532,null,2006-05-04 02:00:00.0,null,Conseiller Sécurité PM,0,null,null,50000610,null,0,0,0,0,null,null,null,null,FLAUZE;SECCURITE,null,0
50001533,null,2006-05-04 02:00:00.0,null,"Conseiller techn. Strat indus, PME PM",0,null,null,50000610,null,0,0,0,0,null,null,null,null,SECPME;YLEROY,null,0
50001534,null,2006-05-04 02:00:00.0,null,Conseiller techn. Aff. stratégiques PM,0,null,null,50000610,null,0,0,0,0,null,null,null,null,EMIGNOT,null,0
50001535,null,2006-05-04 02:00:00.0,null,"Conseillère techn Espace, rech.  ind. PM",0,null,null,50000610,null,0,0,0,0,null,null,null,null,EPORTIER;SECESPACE,null,0
50001536,null,2006-05-04 02:00:00.0,null,Conseillère techn. Macro-économie PM,0,null,null,50000610,null,0,0,0,0,null,null,null,null,CLANGEVIN;SECMACROECO,null,0
50001539,null,2006-05-04 02:00:00.0,null,"Conseiller techn. Ass Nat, Sénat PM",0,null,null,50000610,null,0,0,0,0,null,null,null,null,CFINON;DBURGAUD;ERADELET,null,0
50001546,null,2007-07-02 02:00:00.0,null,Chef BDC Recherche,0,null,null,50001545,null,0,0,0,0,null,null,null,null,BDCTR;MIANNASCOLI,null,0
50001547,null,2007-03-27 02:00:00.0,null,Chef BDC Education (Min. Educ.),0,null,null,50001263,null,0,1,0,0,null,null,null,null,JJLADVIE,null,0
50001551,null,2007-03-27 02:00:00.0,null,DCASPL PME,0,null,null,50001085,null,0,0,0,0,null,null,null,null,FDUFRESNOY;JLAUBINEAU;LMOQUIN,null,0
50001552,null,2007-07-16 02:00:00.0,null,Sous-dir. corps préfect. et admin. civil,0,null,null,50002160,null,0,0,0,0,null,null,null,null,BGCPAC;DEDMOND;JSCHNEIDER,null,0
50001553,null,2007-03-02 01:00:00.0,null,Chef bureau de la liberté individuelle,0,null,null,50001365,null,0,0,0,0,null,null,null,null,LIBINDIV;LIBPUB,null,0
50001557,null,2006-05-04 02:00:00.0,null,Conseiller PM (à préciser),0,null,null,50000610,null,0,0,0,0,null,null,null,null,MTAILLEFER;TMICHAUX;adminsgg,null,0
50001558,null,2006-09-08 02:00:00.0,null,Chargé de mission SGG (à préciser),0,null,null,50000619,null,0,0,0,0,null,null,null,null,MTAILLEFER;TMICHAUX;adminsgg,null,0
50001563,null,2007-04-10 02:00:00.0,null,Administrateur S.O.L.O.N. (MAE),0,null,50000937,null,null,0,0,0,0,null,null,null,null,JAUMOND;NATRAOUI;PBARAGHINI,null,0
50001564,null,2007-04-11 02:00:00.0,null,DGAFP,0,null,null,null,null,0,0,0,0,null,null,null,null,VTAUZIAC,null,0
50001565,null,2007-04-19 02:00:00.0,null,Administrateur S.O.L.O.N. (MEDAD),0,null,50000976,null,null,0,0,0,0,null,null,null,null,ADESBROSSES;CPOINSARD;PCAPS,null,0
50001566,null,2007-04-19 02:00:00.0,null,Administrateur S.O.L.O.N. (AGR),0,null,50000938,null,null,0,0,0,0,null,null,null,null,DGUEUDIN;GBIJU,null,0
50001567,null,2007-04-19 02:00:00.0,null,Administrateur S.O.L.O.N. (MEDD),0,null,null,null,null,0,0,0,0,null,null,null,null,ADESBROSSES;CPOINSARD;PCAPS,null,0
50001568,null,2007-04-19 02:00:00.0,null,Administrateur S.O.L.O.N. (Min. Educ.),0,null,50000968,null,null,0,0,0,0,null,null,null,null,EGASCHAT;JJLADVIE,null,0
50001569,null,2007-04-19 02:00:00.0,null,Administrateur S.O.L.O.N. (MTS),0,null,50000969,null,null,0,0,0,0,null,null,null,null,BYVENOU;PAHOPITAL,null,0
50001570,null,2007-04-19 02:00:00.0,null,Administrateur S.O.L.O.N. (IOC),0,null,50000632,null,null,0,0,0,0,null,null,null,null,MBAMEUL;SBLANCHOIN,null,0
50001571,null,2007-04-19 02:00:00.0,null,Administrateur S.O.L.O.N. (Outre-mer),0,null,null,null,null,0,0,0,0,null,null,null,null,NGUIRIABOYE,null,0
50001572,null,2007-04-19 02:00:00.0,null,Administrateur S.O.L.O.N. (MCC),0,null,50000966,null,null,0,0,0,0,null,null,null,null,DVILLEMAUX;VDONZEAUD,null,0
50001573,null,2007-04-19 02:00:00.0,null,Administrateur S.O.L.O.N. (DEF),0,null,50000967,null,null,0,0,0,0,null,null,null,null,JDCLERGET;RLEBAS,null,0
50001574,null,2007-04-19 02:00:00.0,null,Administrateur S.O.L.O.N. (JUS),0,null,50000972,null,null,0,0,0,0,null,null,null,null,ICROSO;MBIERRY;PMERLET,null,0
50001575,null,2007-04-19 02:00:00.0,null,Administrateur S.O.L.O.N. (Intérieur),0,null,null,null,null,0,0,0,0,null,null,null,null,SBLANCHOIN,null,0
50001576,null,2007-04-19 02:00:00.0,null,Administrateur S.O.L.O.N. (Emploi),0,null,null,null,null,0,0,0,0,null,null,null,null,BYVENOU;PAHOPITAL,null,0
50001577,null,2007-04-19 02:00:00.0,null,Administrateur S.O.L.O.N. (ESR),0,null,50000940,null,null,0,0,0,0,null,null,null,null,BDCTR;MIANNASCOLI,null,0
50001578,null,2007-04-19 02:00:00.0,null,Administrateur S.O.L.O.N. (Emploi),0,null,null,null,null,0,0,0,0,null,null,null,null,BYVENOU;PAHOPITAL,null,0
50001579,null,2007-04-19 02:00:00.0,null,Administrateur S.O.L.O.N. (Equipement),0,null,null,null,null,0,0,0,0,null,null,null,null,FPEROUZE;PCAPS,null,0
50001580,null,2007-04-19 02:00:00.0,null,Administrateur S.O.L.O.N. (Défense),0,null,null,null,null,0,0,0,0,null,null,null,null,JDCLERGET;RLEBAS,null,0
50001581,null,2007-04-19 02:00:00.0,null,Administrateur S.O.L.O.N. (Intérieur),0,null,null,null,null,0,0,0,0,null,null,null,null,SBLANCHOIN,null,0
50001583,null,2007-02-27 01:00:00.0,null,Chef cabinet collectivités terr.,0,null,null,50001118,null,0,0,0,0,null,null,null,null,null,null,0
50001590,null,2007-03-29 02:00:00.0,null,Chef bureau FP1 (DGCL),0,null,null,null,null,0,0,0,0,null,null,null,null,CCHAGNET,null,0
50001591,null,2007-03-29 02:00:00.0,null,Chef bureau FP2 (DGCL),0,null,null,null,null,0,0,0,0,null,null,null,null,VLEGLEUT,null,0
50001592,null,2007-03-29 02:00:00.0,null,Chef bureau FP3 (DGCL),0,null,null,null,null,0,0,0,0,null,null,null,null,PMOUTAFIAN,null,0
50001593,null,2007-03-29 02:00:00.0,null,Chef du bureau FL1 (DGCL),0,null,null,null,null,0,0,0,0,null,null,null,null,AKOUTCHOUK,null,0
50001594,null,2007-03-29 02:00:00.0,null,Chef du bureau FL2 (DGCL),0,null,null,null,null,0,0,0,0,null,null,null,null,null,null,0
50001595,null,2007-03-29 02:00:00.0,null,Chef du bureau FL3 (DGCL),0,null,null,null,null,0,0,0,0,null,null,null,null,ODAUVE,null,0
50001596,null,2007-03-29 02:00:00.0,null,Chef du bureau FL5 (DGCL),0,null,null,null,null,0,0,0,0,null,null,null,null,OCHENAIN,null,0
50001597,null,2007-03-29 02:00:00.0,null,Chef du bureau CIL1 (DGCL),0,null,null,null,null,0,0,0,0,null,null,null,null,PHELBERT,null,0
50001598,null,2007-03-29 02:00:00.0,null,Chef du bureau CIL2 (DGCL),0,null,null,null,null,0,0,0,0,null,null,null,null,CIL2,null,0
50001599,null,2007-03-29 02:00:00.0,null,Chef du bureau CIL3 (DGCL),0,null,null,null,null,0,0,0,0,null,null,null,null,EAUBRY,null,0
50001600,null,2007-03-29 02:00:00.0,null,Chef du bureau CIL4 (DGCL),0,null,null,null,null,0,0,0,0,null,null,null,null,DBRUEL,null,0
50001614,null,2007-03-29 02:00:00.0,null,Chef bureau commissaire police,0,null,null,50001613,null,0,0,0,0,null,null,null,null,CFAURE,null,0
50001615,null,2007-03-29 02:00:00.0,null,Chef bureau rémun. et régimes indemn.,0,null,null,50001613,null,0,0,0,0,null,null,null,null,GAUJALEU,null,0
50001616,null,2007-03-29 02:00:00.0,null,Chef bureau officiers de police,0,null,null,50001613,null,0,0,0,0,null,null,null,null,FCHOUAKI,null,0
50001617,null,2007-03-29 02:00:00.0,null,Chef bureau recrutement,0,null,null,50001613,null,0,0,0,0,null,null,null,null,DAPN RECRUT,null,0
50001618,null,2007-03-29 02:00:00.0,null,Chef bureau aff. juridiques et statut.,0,null,null,50001612,null,0,0,0,0,null,null,null,null,CLEFRANC,null,0
50001619,null,2007-03-29 02:00:00.0,null,Bureau affaires juridiques et statutaire,0,null,null,50001612,null,0,0,0,0,null,null,null,null,GGAUTIER,null,0
50001621,null,2007-03-30 02:00:00.0,null,(vide) Chef cabinet SG (Culture),0,null,null,50001620,null,0,0,0,0,null,null,null,null,null,null,0
50001622,null,2007-03-30 02:00:00.0,null,Agents BDC Aménagement MEDAD,0,null,null,50000984,null,0,1,0,0,null,null,null,null,CPOINSARD;FIGLESIAS;JMGEUS;MROULEAU;RGUIGUES,null,0
50001624,null,2007-03-30 02:00:00.0,null,DGAC/DAST/SEA 1,0,null,null,50001004,null,0,0,0,0,null,null,null,null,FBARRAUD,null,0
50001625,null,2007-03-30 02:00:00.0,null,DGAC/DAST/SRD 1,0,null,null,50001004,null,0,0,0,0,null,null,null,null,CDARWISH,null,0
50001626,null,2007-03-30 02:00:00.0,null,DGAC/DNSA/G1,0,null,null,50001033,null,0,0,0,0,null,null,null,null,AHEURTIER,null,0
50001627,null,2007-03-30 02:00:00.0,null,DGAC/DRE/AG,0,null,null,50001003,null,0,0,0,0,null,null,null,null,DMICHON,null,0
50001628,null,2007-03-30 02:00:00.0,null,DGAC/SG/SDJ,0,null,null,50001032,null,0,0,0,0,null,null,null,null,FPOMMIER,null,0
50001629,null,2007-03-30 02:00:00.0,null,DGAC/SG/SDP 2,0,null,null,50001032,null,0,0,0,0,null,null,null,null,MLVAUCLIN,null,0
50001630,null,2007-03-30 02:00:00.0,null,DGMT/DAM/LM 4,0,null,null,50001036,null,0,0,0,0,null,null,null,null,DGIRAUD,null,0
50001631,null,2007-03-30 02:00:00.0,null,DGMT/DTFC/SFC1,0,null,null,50001034,null,0,0,0,0,null,null,null,null,AGOGNEAU,null,0
50001632,null,2007-03-29 02:00:00.0,null,IGPN,0,null,null,50001608,null,0,0,0,0,null,null,null,null,IGPN,null,0
50001633,null,2007-03-29 02:00:00.0,null,Chef division finances (DGPN),0,null,null,50001609,null,0,0,0,0,null,null,null,null,null,null,0
50001634,null,2007-03-29 02:00:00.0,null,Dir. central de la sécurité publique,0,null,null,50001610,null,0,0,0,0,null,null,null,null,DCSP;ELEDOUARON,null,0
50001635,null,2007-03-29 02:00:00.0,null,Bureau de la sûreté,0,null,null,50001611,null,0,0,0,0,null,null,null,null,RBERHNARDT,null,0
50001636,null,2007-11-06 01:00:00.0,null,Vigies DGAFP,0,null,null,50002549,null,0,0,0,0,null,null,null,null,FALADJIDI;VSAUVAGE,null,0
50001637,null,2007-11-06 01:00:00.0,null,Encadrement supérieur (DGAFP),0,null,null,50002548,null,0,0,0,0,null,null,null,null,CLENALBAUT;ISELLOM;ODAILLY,null,0
50001638,null,2007-11-06 01:00:00.0,null,Primes (DGAFP),0,null,null,50002547,null,0,0,0,0,null,null,null,null,BLABONNELIE;MQUINTUS;NEDJIDER;VTAUZIAC,null,0
50001639,null,2007-03-27 02:00:00.0,null,BDC Culture,0,null,null,50001395,null,0,1,0,0,null,null,null,null,GRICHERATAUX;PANDREU,null,0
50001640,null,2007-03-29 02:00:00.0,null,Sous-dir presse écrite et info (DDM),0,null,null,50001404,null,0,0,0,0,null,null,null,null,CCREVOT,null,0
50001641,null,2007-03-29 02:00:00.0,null,Sous-dir. comm. audiovisuelle (DDM),0,null,null,50001404,null,0,0,0,0,null,null,null,null,SCROIX,null,0
50001642,null,2007-03-29 02:00:00.0,null,Service aff. juridiques et régl. (CNC),0,null,null,50001402,null,0,0,0,0,null,null,null,null,SDAVY,null,0
50001643,null,2007-03-29 02:00:00.0,null,Chargé mission dept éco. du livre,0,null,null,50001398,null,0,0,0,0,null,null,null,null,ASÉTIENNE,null,0
50001644,null,2007-03-29 02:00:00.0,null,SG Direction des musées de France,0,null,null,50001399,null,0,0,0,0,null,null,null,null,BGESTIN,null,0
50001645,null,2007-03-29 02:00:00.0,null,Dept collections (Dir musées France),0,null,null,50001399,null,0,0,0,0,null,null,null,null,JPMERCIER;LDAMADE,null,0
50001646,null,2007-03-29 02:00:00.0,null,Chef bureau aff. jur. (Archives France),0,null,null,50001397,null,0,0,0,0,null,null,null,null,MWASIKOWSKI,null,0
50001647,null,2007-03-29 02:00:00.0,null,Bureau affaires juridiques (DMDTS),0,null,null,50001400,null,0,0,0,0,null,null,null,null,IPHALIPPON,null,0
50001648,null,2007-03-29 02:00:00.0,null,Bureau affaires juridiques (DAPA),0,null,null,50001403,null,0,0,0,0,null,null,null,null,ACONDOU;DTOUZELIN;SDELFANTE,null,0
50001649,null,2007-03-29 02:00:00.0,null,Bureau affaires juridiques (Culture),0,null,null,50001401,null,0,0,0,0,null,null,null,null,JPTROUBÉ,null,0
50001654,null,2007-03-29 02:00:00.0,null,Bureau cons. jur. et lég. gale (Culture),0,null,null,50001650,null,0,0,0,0,null,null,null,null,DVILLEMAUX;MCOMBES;VDONZEAUD,null,0
50001655,null,2007-03-29 02:00:00.0,null,"Bureau propriété littéraire, artistique",0,null,null,50001650,null,0,0,0,0,null,null,null,null,DPOUCHARD,null,0
50001656,null,2007-03-29 02:00:00.0,null,Chef bureau politique immo. (Culture),0,null,null,50001651,null,0,0,0,0,null,null,null,null,SMOUSSETTE,null,0
50001657,null,2007-03-29 02:00:00.0,null,Mission politique personnels (Culture),0,null,null,50001652,null,0,0,0,0,null,null,null,null,FPETIT,null,0
50001658,null,2007-03-29 02:00:00.0,null,Bureau personnels admin. (Culture),0,null,null,50001652,null,0,0,0,0,null,null,null,null,SPERDRIAL,null,0
50001659,null,2007-03-29 02:00:00.0,null,Bureau pers. de conservation (Culture),0,null,null,50001652,null,0,0,0,0,null,null,null,null,DHÉRONDELLE,null,0
50001663,null,2007-03-27 02:00:00.0,null,BDC Education - Resp. txt réglementaires,0,null,null,50001263,null,0,0,0,0,null,null,null,null,EGASCHAT,null,0
50001664,null,2007-03-29 02:00:00.0,null,Directeur général DGESCO,0,null,null,50001264,null,0,0,0,0,null,null,null,null,JLNEMBRINI,null,0
50001665,null,2007-03-29 02:00:00.0,null,Adjoints directeur général DGESCO,0,null,null,50001264,null,0,0,0,0,null,null,null,null,PALLAL;PLSIMONI,null,0
50001666,null,2007-03-29 02:00:00.0,null,Directeur général DGES,0,null,null,50001265,null,0,0,0,0,null,null,null,null,PHETZEL,null,0
50001667,null,2007-03-29 02:00:00.0,null,Adjoints directeur général DGES,0,null,null,50001265,null,0,0,0,0,null,null,null,null,BLANNAUD;EPIOZIN;JMDION,null,0
50001668,null,2007-03-30 02:00:00.0,null,Directeur général DGRI,0,null,null,50001266,null,0,0,0,0,null,null,null,null,GBLOCH,null,0
50001669,null,2007-03-30 02:00:00.0,null,Adjoint au directeur général DGRI,0,null,null,50001266,null,0,0,0,0,null,null,null,null,JRCYTERMANN,null,0
50001670,null,2007-03-30 02:00:00.0,null,Sous-directeur DGRI,0,null,null,50001266,null,0,0,0,0,null,null,null,null,PIMBERT,null,0
50001671,null,2007-03-30 02:00:00.0,null,Secrétaire général (Min. Educ),0,null,null,50001267,null,0,0,0,0,null,null,null,null,PYDUWOYE,null,0
50001672,null,2007-03-30 02:00:00.0,null,Directeur général DGRH (Min. Educ.),0,null,null,50001268,null,0,0,0,0,null,null,null,null,TLEGOFF,null,0
50001673,null,2007-03-30 02:00:00.0,null,Adjoint directeur gal DGRH (Min. Educ.),0,null,null,50001268,null,0,0,0,0,null,null,null,null,EBERNET;JPBONHOTAL,null,0
50001674,null,2007-03-30 02:00:00.0,null,Sous-directrice DGRH (Min. Educ.),0,null,null,50001268,null,0,0,0,0,null,null,null,null,PSANTANA,null,0
50001675,null,2007-03-30 02:00:00.0,null,Directeur DE (Min. Educ.),0,null,null,50001269,null,0,0,0,0,null,null,null,null,RCHUDEAU,null,0
50001676,null,2007-03-30 02:00:00.0,null,Adjointe au directeur DE (Min. Educ.),0,null,null,50001269,null,0,0,0,0,null,null,null,null,CDANEYROLE,null,0
50001677,null,2007-03-30 02:00:00.0,null,Directeur DAF (Min Educ.),0,null,null,50001270,null,0,0,0,0,null,null,null,null,MDELLACASA,null,0
50001678,null,2007-03-30 02:00:00.0,null,Adjointe au directeur DAF (Min. Educ.),0,null,null,50001270,null,0,0,0,0,null,null,null,null,CGAUDY,null,0
50001679,null,2007-03-30 02:00:00.0,null,Directrice DAJ (Min. Educ.),0,null,null,50001271,null,0,0,0,0,null,null,null,null,CLANDAIS,null,0
50001680,null,2007-03-30 02:00:00.0,null,Adjointe à la directrice DAJ (Min. Educ),0,null,null,50001271,null,0,0,0,0,null,null,null,null,IROUSSEL,null,0
50001685,null,2007-03-30 02:00:00.0,null,Chef du bureau IGEN/IGAENR (Min. Educ.),0,null,null,50001684,null,0,0,0,0,null,null,null,null,RKRAUSS,null,0
50001686,null,2007-03-30 02:00:00.0,null,Chef du service SAAM (Min. Educ.),0,null,null,50001683,null,0,0,0,0,null,null,null,null,XTURION,null,0
50001687,null,2007-03-30 02:00:00.0,null,Directeur DREIC (Min. Educ.),0,null,null,50001682,null,0,0,0,0,null,null,null,null,MFOUCAULT,null,0
50001688,null,2007-03-30 02:00:00.0,null,Directeur DEPP (Min. Educ.),0,null,null,50001681,null,0,0,0,0,null,null,null,null,DVITRY,null,0
50001689,null,2007-03-30 02:00:00.0,null,DGI,0,null,null,50000837,null,0,0,0,0,null,null,null,null,FDUHOT;GSAVOYANT;MBRETON;MCONTACOLLI;OBURELLE;SZYKOVA;VGLACE,null,0
50001690,null,2007-03-30 02:00:00.0,null,DLF (Budget),0,null,null,50000837,null,0,0,0,0,null,null,null,null,BBOUCLET;IESPINASSE;JFMALNOU,null,0
50001691,null,2006-05-12 02:00:00.0,null,Poste vide Conseiller Médias PM,0,null,null,50000610,null,0,0,0,0,null,null,null,null,SECMEDIAS,null,0
50001692,null,2007-02-21 01:00:00.0,null,"Chef BDC Santé, jeunesse et sports",0,null,null,50001043,null,0,0,0,0,null,null,null,null,IJOSSE,null,0
50001693,null,2007-02-21 01:00:00.0,null,Adjointe au chef du BDC SJS,0,null,null,50001043,null,0,0,0,0,null,null,null,null,null,null,0
50001694,null,2007-04-04 02:00:00.0,null,Poste MQPA,0,null,null,50001742,null,0,0,0,0,null,null,null,null,MQPA,null,0
50001695,null,2007-04-16 02:00:00.0,null,Administrateur S.O.L.O.N. (SJS),0,null,50000975,null,null,0,0,0,0,null,null,null,null,GSICART,null,0
50001696,null,2007-04-17 02:00:00.0,null,Agents DSAF,0,null,null,50001559,null,0,0,0,0,null,null,null,null,ABEDIKIAN;AGODEFRAINT;CDUBOIS;CLMOREAU;MLANDAIS,null,0
50001697,null,2007-04-17 02:00:00.0,null,Administrateur S.O.L.O.N. (MJS),0,null,null,null,null,0,0,0,0,null,null,null,null,IJOSSE;JGOMIS,null,0
50001707,null,2007-03-30 02:00:00.0,null,DGMT/DTMRF/PVL2,0,null,null,50001035,null,0,0,0,0,null,null,null,null,JPBIARD,null,0
50001708,null,2007-03-30 02:00:00.0,null,DGMT/DTMRF/TR1,0,null,null,50001035,null,0,0,0,0,null,null,null,null,HSIFFERLEN,null,0
50001709,null,2007-03-30 02:00:00.0,null,DGMT/DTFC/SOE2,0,null,null,50001034,null,0,0,0,0,null,null,null,null,PLAMY,null,0
50001711,null,2007-03-30 02:00:00.0,null,DGMT/SG/GPB 3,0,null,null,50001710,null,0,0,0,0,null,null,null,null,JCPARAVY,null,0
50001712,null,2007-03-30 02:00:00.0,null,DAJIL/ASP 4 (DGPA),0,null,null,50000988,null,0,0,0,0,null,null,null,null,FPEROUZE,null,0
50001713,null,2007-03-30 02:00:00.0,null,DAJIL/CTIJ (DGPA),0,null,null,50000988,null,0,0,0,0,null,null,null,null,BO_DGPA;PCAPS,null,0
50001714,null,2007-03-30 02:00:00.0,null,DGPA/SP/TEC1 (DGPA),0,null,null,50000988,null,0,0,0,0,null,null,null,null,SDIBENEDETTO,null,0
50001715,null,2007-03-30 02:00:00.0,null,DGPA/SP/ER (DGPA),0,null,null,50000988,null,0,0,0,0,null,null,null,null,JLASTERIE,null,0
50001716,null,2007-03-30 02:00:00.0,null,DGPA/DPC1 (DGPA),0,null,null,50000988,null,0,0,0,0,null,null,null,null,ADESOUCHES,null,0
50001717,null,2007-03-30 02:00:00.0,null,DAJIL/ED 4 (DGPA),0,null,null,50000988,null,0,0,0,0,null,null,null,null,PHRICOLEDIAG,null,0
50001718,null,2007-03-30 02:00:00.0,null,DGPA/SP/AMT 1,0,null,null,50000988,null,0,0,0,0,null,null,null,null,CGARCIA,null,0
50001719,null,2007-03-30 02:00:00.0,null,DGPA/SP/RCF2,0,null,null,50000988,null,0,0,0,0,null,null,null,null,VSOUMARA,null,0
50001720,null,2007-03-30 02:00:00.0,null,DGR,0,null,null,50000992,null,0,0,0,0,null,null,null,null,FDUVAL;ecologie_dgr,null,0
50001721,null,2007-06-08 02:00:00.0,null,DGUHC/DH 2,0,null,null,50001369,null,0,0,0,0,null,null,null,null,CTETELBOM,null,0
50001722,null,2007-06-08 02:00:00.0,null,DGUHC/DU 1,0,null,null,50001369,null,0,0,0,0,null,null,null,null,AVANDERVORST,null,0
50001723,null,2007-03-30 02:00:00.0,null,DGUHC/QC 2,0,null,null,50001369,null,0,0,0,0,null,null,null,null,FLASSOT,null,0
50001724,null,2007-03-30 02:00:00.0,null,DSCR/IC 3,0,null,null,50000993,null,0,0,0,0,null,null,null,null,FRICHARD,null,0
50001725,null,2007-03-30 02:00:00.0,null,SG/DAEI/SDBTPSP/BR,0,null,null,50000996,null,0,0,0,0,null,null,null,null,PULLERN,null,0
50001726,null,2007-03-30 02:00:00.0,null,SG/DRAST/AFI,0,null,null,50000995,null,0,0,0,0,null,null,null,null,VDENEUVILLE;ecologie_secgen,null,0
50001727,null,2007-03-30 02:00:00.0,null,SG/SPA/M,0,null,null,50000997,null,0,0,0,0,null,null,null,null,JCOLOMBU,null,0
50001728,null,2007-03-30 02:00:00.0,null,ENIM/SDSSM/BEJCI,0,null,null,50000999,null,0,0,0,0,null,null,null,null,JBOUVIER,null,0
50001729,null,2007-03-30 02:00:00.0,null,DT/SDAGEI/BAJ,0,null,null,50001002,null,0,0,0,0,null,null,null,null,JBOURQUE,null,0
50001730,null,2007-02-21 01:00:00.0,null,DGUHC/DU 1,0,null,null,50001168,null,0,0,0,0,null,null,null,null,AVANDERVORST,null,0
50001731,null,2007-02-21 01:00:00.0,null,DGUHC/QC 2,0,null,null,50001168,null,0,0,0,0,null,null,null,null,FLASSOT,null,0
50001743,null,2007-04-04 02:00:00.0,null,Agents CEA (MINEFI),0,null,null,50001742,null,0,0,0,0,null,null,null,null,DGTPE-ASSUR,null,0
50001744,null,2007-04-04 02:00:00.0,null,Agents Cabinet Agriculture,0,null,null,50001732,null,0,0,0,0,null,null,null,null,ALIEURE;CDALBERA;CMALVEZIN;DGUEUDIN;DLABORDE;DMETAYER;EAUBRET;EBANEL;FRIEGERT;FROCHEBRUYN;JJIGUET;MDANTIN;MLAPLACE;NBELOT;PDEDINGER;PDUCLAUD;PMENNECIER;SGENG;YBRICE,null,0
50001749,null,2007-04-04 02:00:00.0,null,Agents Secrétariat général central (AGR),0,null,null,50001745,null,0,0,0,0,null,null,null,null,BGASSE;agriculture_secgen,null,0
50001750,null,2007-04-04 02:00:00.0,null,Agents Secr gén - Aff juridiques (AGR),0,null,null,50001746,null,0,0,0,0,null,null,null,null,CGANDON;GBIJU,null,0
50001751,null,2007-04-04 02:00:00.0,null,Agents Sec gén Mobilité/Carrières (AGR),0,null,null,50001747,null,0,0,0,0,null,null,null,null,CMOULINS;JMILLIAND,null,0
50001752,null,2007-04-04 02:00:00.0,null,SsDir DPRS - Bur ASTR (AGR),0,null,null,50001748,null,0,0,0,0,null,null,null,null,ASSOUBIE;EBLAZQUEZ;OSCHELTIENNE,null,0
50001753,null,2007-04-04 02:00:00.0,null,Ss-dir Gestion des personnels (AGR),0,null,null,50001748,null,0,0,0,0,null,null,null,null,ALIVIERI;GLEDAIN;MRICHARD;SMATHELOT,null,0
50001754,null,2007-04-04 02:00:00.0,null,Ss-dir Santé animale (DGA-AGR),0,null,null,50001448,null,0,0,0,0,null,null,null,null,NDECOGNE,null,0
50001755,null,2007-04-04 02:00:00.0,null,Sous-dir protection végétaux (DGA-AGR),0,null,null,50001448,null,0,0,0,0,null,null,null,null,BBELARDCHELF,null,0
50001756,null,2007-04-04 02:00:00.0,null,Sous-dir sécur aliments (DGA-AGR),0,null,null,50001448,null,0,0,0,0,null,null,null,null,NFREDRIKSEN,null,0
50001757,null,2007-04-04 02:00:00.0,null,Sous-dir régl / contrôles (DGA-AGR),0,null,null,50001448,null,0,0,0,0,null,null,null,null,ABEAUCLAIR,null,0
50001758,null,2007-04-04 02:00:00.0,null,Sous-dir Produits végétaux (DGPEEI-AGR),0,null,null,50001446,null,0,0,0,0,null,null,null,null,MBZANINI;MCBRILLAUD;agriculture_sdpv,null,0
50001759,null,2007-04-04 02:00:00.0,null,Sous-dir Echges intrnx (DGPEEI-AGR),0,null,null,50001446,null,0,0,0,0,null,null,null,null,LBRASIER,null,0
50001760,null,2007-04-04 02:00:00.0,null,Sous-dir Travail et emploi  (DGFAR-AGR),0,null,null,50001445,null,0,0,0,0,null,null,null,null,CDEBARD;JLABOUE,null,0
50001761,null,2007-04-04 02:00:00.0,null,Sous-dir Pol formation  (DGER-AGR),0,null,null,50001447,null,0,0,0,0,null,null,null,null,JFGONDARD,null,0
50001763,null,2007-04-17 02:00:00.0,null,Administrateur S.O.L.O.N. (IND),0,null,null,null,null,0,0,0,0,null,null,null,null,MQPA,null,0
50001764,null,2007-04-17 02:00:00.0,null,Bureau des cabinets (BCF),0,null,50013998,null,null,0,0,0,0,null,null,null,null,CPAROLINI;FISAIA;JCHIFFRE;MDALLARD;PETCHEVERRY;SEC-BDC,null,0
50001782,null,2007-04-19 02:00:00.0,null,Administrateur S.O.L.O.N. (PME),0,null,null,null,null,0,0,0,0,null,null,null,null,null,null,0
50001815,null,2007-11-20 01:00:00.0,null,Agents BDC (Economie),0,null,null,50001814,null,0,0,0,0,null,null,null,null,CPAROLINI;JCHIFFRE;MDALLARD;PETCHEVERRY,null,0
50001819,null,2007-04-25 02:00:00.0,null,"BDC travail (""Grenelle"")",0,null,null,50001172,null,0,0,0,0,null,null,null,null,BYVENOU;DLACOTTE;JMBOUSQUET,null,0
50001820,null,2007-04-25 02:00:00.0,null,"BDC travail (""Grenelle"")",0,null,null,50001173,null,0,0,0,0,null,null,null,null,BYVENOU;DLACOTTE;JMBOUSQUET,null,0
50001821,null,2007-04-25 02:00:00.0,null,"BDC travail (""Grenelle"")",0,null,null,50001174,null,0,0,0,0,null,null,null,null,BYVENOU;DLACOTTE;JMBOUSQUET,null,0
50001822,null,2007-04-25 02:00:00.0,null,Agents DAEI - Vigie,0,null,null,50001175,null,0,0,0,0,null,null,null,null,FPRAYNAUD,null,0
50001823,null,2007-04-25 02:00:00.0,null,Agents DGAPB (MTS),0,null,null,50001170,null,0,0,0,0,null,null,null,null,CAMBROISE;GSICART;JLLADRIX;XREGORD;travail_dgapb,null,0
50001824,null,2007-04-25 02:00:00.0,null,Agents DGAS (MTS),0,null,null,50001211,null,0,0,0,0,null,null,null,null,CMAILLARD;MLAMOTHE;SGUEZO;YCHAYNES,null,0
50001825,null,2007-04-27 02:00:00.0,null,Administrateur SOLON,0,null,null,null,null,0,0,0,0,null,null,null,null,NATRAOUI,null,0
50001826,null,2007-04-27 02:00:00.0,null,Administrateur SOLON,0,null,null,null,null,0,0,0,0,null,null,null,null,NATRAOUI,null,0
50001829,null,2007-08-08 02:00:00.0,null,Poste MQPA,0,null,null,null,null,0,0,0,0,null,null,null,null,MQPA,null,0
50001830,null,2007-11-20 01:00:00.0,null,Agents CEA (MINEFI),0,null,null,50001828,null,0,0,0,0,null,null,null,null,DGTPE-ASSUR,null,0